artist,title,fileExt,regDate,regNo
Jason Mraz,Be Honest (feat. Inara George),.mp3,2015-07-02 01:11,1
Jason Mraz,I'm Yours,.mp3,2015-07-02 01:11,2
Matt Nightingale,Back To You,.mp3,2015-07-02 01:11,3
Connie Linch,No Woman No Cry,.mp3,2015-07-02 01:12,4
Damien Rice,Elephant,.mp3,2015-07-02 01:12,5
David Cook,Circadian,.mp3,2015-07-02 01:12,6
Passenger,Let Her Go,.mp3,2015-07-02 01:12,7
Rosie Thomas,Say Hello,.mp3,2015-07-02 01:12,8
Golden Stills,Say Goodbye,.mp3,2015-07-05 19:19,9
John Mayer,Daughters,.mp3,2015-08-05 01:00,10
John-Allison Weiss,I Was an Island,.mp3,2015-08-05 01:25,11
Zion.T,Kiss Me,.mp3,2015-09-03 16:21,12
Zion.T,꺼내 먹어요,.mp3,2015-09-03 16:21,13
Zion.T,뻔한 멜로디 (Feat. Crush),.mp3,2015-09-03 16:21,14
Zion.T,양화대교,.mp3,2015-09-03 16:21,15
"Zion.T, Crush",그냥 (Just),.mp3,2015-09-03 16:21,16
Zion.T,Click Me (Feat. Dok2),.mp3,2015-09-18 18:15,17
Zion.T,Babay (Feat. 개코),.mp3,2015-09-23 18:36,18
Zion.T,She (Feat. 빈지노),.mp3,2015-09-23 18:36,19
Zion.T,지구온난화 (Feat. YDG),.mp3,2015-09-23 18:36,20
Zion.T,No Make Up,.mp3,2015-10-12 16:23,21
아이유,금요일에 만나요 (feat. 장이정),.mp3,2015-10-12 16:23,22
프라이머리,"_ (물음표) (Feat. 최자, Zion.T)",.mp3,2015-10-18 13:33,23
프라이머리,만나 (Feat. Zion.T),.mp3,2015-10-18 13:33,24
프라이머리,"씨스루 (Feat. Zion.T, 개코)",.mp3,2015-10-18 13:33,25
Adam Levine,Lost Stars,.mp3,2015-11-17 18:38,26
Adele,Hello,.mp3,2015-11-17 18:38,27
Adele,Rolling In The Deep,.mp3,2015-11-17 18:38,28
Adele,Set Fire To The Rain,.mp3,2015-11-17 18:38,29
Adele,Someone Like You,.mp3,2015-11-17 18:38,30
Crush,Oasis (Feat. 지코),.mp3,2015-11-17 18:38,31
DEAN,I Love It (Feat. Dok2),.mp3,2015-11-17 18:38,32
DEAN,풀어 (Pour Up) (Feat. 지코),.mp3,2015-11-17 18:38,33
EXO,CALL ME BABY,.mp3,2015-11-17 18:38,34
EXO,LOVE ME RIGHT,.mp3,2015-11-17 18:38,35
iKON,AIRPLANE,.mp3,2015-11-17 18:38,36
Maroon 5,Sugar,.mp3,2015-11-17 18:38,37
TWICE,OOH-AHH하게,.mp3,2015-11-17 18:38,38
규현,밀리언조각,.mp3,2015-11-17 18:38,39
박경,보통연애 (Feat. 박보람),.mp3,2015-11-17 18:38,40
박효신,기억속의 먼 그대에게,.mp3,2015-11-17 18:38,41
박효신,야생화,.mp3,2015-11-17 18:38,42
백아연,쏘쏘,.mp3,2015-11-17 18:38,43
백아연,이럴거면 그러지말지 (Feat. Young K),.mp3,2015-11-17 18:38,44
아이유,스물셋,.mp3,2015-11-17 18:38,45
에픽하이,"Born Hater (Feat. 빈지노, 버벌진트, B.I, MINO, BOBBY)",.mp3,2015-11-17 18:38,46
이적,걱정말아요 그대,.mp3,2015-11-17 18:38,47
이적,다행이다,.mp3,2015-11-17 18:38,48
임창정,또 다시 사랑,.mp3,2015-11-17 18:38,49
지코,Boys And Girls (Feat. Babylon),.mp3,2015-11-17 18:38,50
지코,날 (Feat. 제이통),.mp3,2015-11-17 18:38,51
지코,"말해 Yes Or No (Feat. 페노메코, The Quiett)",.mp3,2015-11-17 18:38,52
태연,I (Feat. 버벌진트),.mp3,2015-11-17 18:38,53
혁오,와리가리,.mp3,2015-11-17 18:38,54
혁오,위잉위잉,.mp3,2015-11-17 18:38,55
AOA,Without You,.mp3,2015-12-19 20:10,56
AOA,짧은 치마 (Miniskirt),.mp3,2015-12-19 20:10,57
지코,VENI VIDI VICI (Feat. DJ Wegun),.mp3,2015-12-19 20:20,58
지코,오만과 편견 (Feat. SURAN),.mp3,2015-12-19 20:20,59
San E,아는사람 얘기,.mp3,2015-12-19 20:21,60
노을,이별밖에,.mp3,2015-12-19 20:21,61
박보람,혜화동 (혹은 쌍문동),.mp3,2015-12-19 20:21,62
오혁,소녀,.mp3,2015-12-19 20:21,63
"유재환, 정형돈",걸을까,.mp3,2015-12-19 20:21,64
지코,유레카 (Feat. Zion.T),.mp3,2015-12-19 20:21,65
BIGBANG,우리 사랑하지 말아요,.mp3,2015-12-30 09:18,66
BIGBANG,쩔어 (GD & T.O.P),.mp3,2015-12-30 09:18,67
BIGBANG,BAE BAE,.mp3,2015-12-30 09:21,68
BIGBANG,LOSER,.mp3,2015-12-30 09:21,69
BIGBANG,WE LIKE 2 PARTY,.mp3,2015-12-30 09:21,70
BIGBANG,뱅뱅뱅 (BANG BANG BANG),.mp3,2015-12-30 09:21,71
개리,또 하루 (Feat. 개코),.mp3,2016-01-04 12:24,72
기리보이,호구 (Prod. By Fisherman) (Feat. 브라더수),.mp3,2016-01-04 12:24,73
김나영,어땠을까,.mp3,2016-01-04 12:24,74
충완,3호차 (Feat. 덕스훈트),.mp3,2016-01-04 12:24,75
San E,그 아버지에 그 아들,.mp3,2016-01-15 12:33,76
버즈,가시,.mp3,2016-01-15 12:33,77
정기고,"일주일 (247) (Feat. Zion.T, Crush, DEAN)",.mp3,2016-01-15 12:33,78
버즈,남자를 몰라,.mp3,2016-01-15 12:34,79
"수지, 백현",Dream,.mp3,2016-01-26 10:48,80
DEAN,"what2do (Feat. Crush, Jeff Bernat)",.mp3,2016-02-02 17:09,81
WINNER,BABY BABY,.mp3,2016-02-02 17:09,82
WINNER,센치해,.mp3,2016-02-02 17:09,83
정인,UUU,.mp3,2016-02-02 17:09,84
박효신,눈의 꽃,.mp3,2016-02-06 16:51,85
지코,너는 나 나는 너,.mp3,2016-02-06 16:53,86
지코,사랑이었다 (Feat. 루나),.mp3,2016-02-06 16:53,87
Carly Rae Jepsen,Good time (With Owl City),.mp3,2016-03-02 20:53,88
Justin Bieber,Love Yourself,.mp3,2016-03-02 20:53,89
Maroon 5,Lucky Strike,.mp3,2016-03-02 20:53,90
Maroon 5,Misery,.mp3,2016-03-02 20:53,91
Maroon 5,One More Night,.mp3,2016-03-02 20:53,92
Maroon 5,Sunday Morning,.mp3,2016-03-02 20:53,93
"High 4, 아이유",봄 사랑 벚꽃 말고,.mp3,2016-03-18 19:15,94
버스커 버스커,꽃송이가,.mp3,2016-03-18 19:15,95
버스커 버스커,벚꽃 엔딩,.mp3,2016-03-18 19:15,96
버스커 버스커,여수 밤바다,.mp3,2016-04-05 17:22,97
버스커 버스커,잘할 걸,.mp3,2016-04-05 17:22,98
버스커 버스커,처음엔 사랑이란게,.mp3,2016-04-05 17:22,99
DEAN,D (Half Moon) (Feat. 개코),.mp3,2016-04-12 22:18,100
블락비,Toy,.mp3,2016-04-12 22:18,101
블락비,몇 년 후에,.mp3,2016-04-12 22:18,102
블락비,사랑이었다 (Song By 태일),.mp3,2016-04-12 22:18,103
San E,마치 비행기 (Feat. 개리),.mp3,2016-05-14 01:07,104
BewhY,The Time Goes On,.mp3,2016-05-23 17:13,105
기리보이,I'M IN TROUBLE (Feat. 로꼬),.mp3,2016-06-02 18:34,106
박경,자격지심 (Feat. 은하),.mp3,2016-06-02 18:34,107
어반자카파,널 사랑하지 않아,.mp3,2016-06-02 18:34,108
정승환,너였다면,.mp3,2016-06-02 18:34,109
Crush,잊어버리지마 (Feat. 태연),.mp3,2016-06-11 20:58,110
슈퍼주니어,Devil,.mp3,2016-06-11 20:58,111
GRAY,하기나 해 (Feat. 로꼬),.mp3,2016-06-18 22:03,112
"로꼬, GRAY",GOOD (Feat. ELO),.mp3,2016-06-18 22:03,113
San E,Me You (Feat. 백예린),.mp3,2016-06-24 21:14,114
"사이먼 도미닉, ONE, G2, BewhY",니가 알던 내가 아냐 (Prod. By GRAY),.mp3,2016-06-25 10:06,115
Jakubi,Couch Potato,.mp3,2016-06-25 21:57,116
MAGIC!,Rude,.mp3,2016-06-25 21:57,117
Mark Ronson,Uptown Funk (Feat. Bruno Mars),.mp3,2016-06-25 21:57,118
리쌍,나란 놈은 답은 너다 (Feat. 하림),.mp3,2016-06-25 21:57,119
리쌍,내가 웃는게 아니야 (Feat. 알리),.mp3,2016-06-25 21:57,120
리쌍,"헤어지지 못하는 여자, 떠나가지 못하는 남자 (Feat. 정인)",.mp3,2016-06-25 21:57,121
Zion.T,쿵 (Knock),.mp3,2016-06-29 00:15,122
"Zion.T, C JAMM, Reddy, 서출구",신사 ($insa),.mp3,2016-06-29 00:15,123
BewhY,Forever (Prod. By GRAY),.mp3,2016-07-02 01:38,124
"Zion.T, 서출구",드러머 (Drummer) (Feat. 올티),.mp3,2016-07-02 01:38,125
G-DRAGON,그XX,.mp3,2016-07-06 00:02,126
G-DRAGON,니가 뭔데 (Who You_),.mp3,2016-07-06 00:02,127
G-DRAGON,삐딱하게 (Crooked),.mp3,2016-07-06 00:02,128
GD X TAEYANG,Good Boy,.mp3,2016-07-06 00:02,129
MC 몽,내가 그리웠니 (Feat. 진실),.mp3,2016-07-06 00:02,130
San E,Body Language (Feat. 범키),.mp3,2016-07-06 00:02,131
걸스데이,Something,.mp3,2016-07-06 00:02,132
김범수,끝사랑,.mp3,2016-07-06 00:02,133
"소유, 정기고",썸 (Feat. 릴보이),.mp3,2016-07-06 00:02,134
씨스타19,있다 없으니까 (Gone Not Around Any Longer),.mp3,2016-07-06 00:02,135
아이유,너의 의미 (Feat. 김창완),.mp3,2016-07-06 00:02,136
장범준,사랑에 빠졌죠 (당신만이),.mp3,2016-07-06 00:02,137
태양,"눈, 코, 입",.mp3,2016-07-06 00:02,138
BewhY,Day Day (Feat. 박재범) (Prod. by GRAY),.mp3,2016-07-09 01:32,139
서출구,끝 (AND) (Feat. SURAN),.mp3,2016-07-09 01:32,140
존박,네 생각,.mp3,2016-07-15 19:59,141
BewhY,자화상 pt.2 (Fake) (Prod. by BewhY),.mp3,2016-07-16 01:18,142
"The Quiett, SUPERBEE, myunDo, 플로우식, Dok2",공중도덕 (Air DoTheQ),.mp3,2016-07-16 01:18,143
AKMU,RE-BYE,.mp3,2016-08-02 21:32,144
Maroon 5,Payphone (Feat. Wiz Khalifa),.mp3,2016-08-02 21:32,145
헤이즈,"And July (Feat. DEAN, DJ Friz)",.mp3,2016-08-02 21:32,146
헤이즈,Shut Up & Groove (Feat. DEAN),.mp3,2016-08-02 21:32,147
헤이즈,돌아오지마 (Feat. 용준형),.mp3,2016-08-02 21:32,148
BLACKPINK,붐바야,.mp3,2016-08-08 21:05,149
BLACKPINK,휘파람,.mp3,2016-08-08 21:05,150
"Jessie J, Ariana Grande, Nicki Minaj",Bang Bang,.mp3,2016-08-09 00:46,151
"C JAMM, BewhY",puzzle,.mp3,2016-08-11 13:53,152
규현,광화문에서,.mp3,2016-08-27 21:26,153
한동근,그대라는 사치,.mp3,2016-08-27 21:26,154
Dok2,1llusion,.mp3,2016-09-03 11:35,155
임창정,그마저 내려놓는,.mp3,2016-09-09 16:33,156
임창정,내가 저지른 사랑,.mp3,2016-09-09 16:33,157
임창정,화해,.mp3,2016-09-09 16:33,158
볼빨간사춘기,You(=I),.mp3,2016-09-19 23:11,159
볼빨간사춘기,나만 안되는 연애,.mp3,2016-09-19 23:11,160
볼빨간사춘기,심술,.mp3,2016-09-19 23:11,161
볼빨간사춘기,싸운날,.mp3,2016-09-19 23:11,162
볼빨간사춘기,우주를 줄게,.mp3,2016-09-19 23:11,163
임창정,노래 한번 할게요,.mp3,2016-09-19 23:11,164
장미여관,봉숙이,.mp3,2016-09-22 17:23,165
프라이머리,자니 (Feat. 다이나믹 듀오),.mp3,2016-09-22 17:25,166
임창정,소주한잔,.mp3,2016-09-27 18:00,167
Crush,어떻게 지내,.mp3,2016-10-17 19:27,168
Maroon 5,Don't Wanna Know (Feat. Kendrick Lamar),.mp3,2016-10-17 19:27,169
박재범,SOLO (Feat. Hoody),.mp3,2016-10-19 13:59,170
TWICE,TT,.mp3,2016-11-01 23:37,171
태연,11_11,.mp3,2016-11-01 23:37,172
BLACKPINK,불장난,.mp3,2016-11-02 03:00,173
BLACKPINK,STAY,.mp3,2016-11-02 03:01,174
EXO-CBX,Hey Mama!,.mp3,2016-11-02 03:01,175
박재범,"All I Wanna Do (K) (Feat. Hoody, 로꼬)",.mp3,2016-11-12 19:27,176
"예지, Babylon",끌려다녀,.mp3,2016-11-12 19:27,177
긱스,"가끔 (Feat. Crush, 기리보이)",.mp3,2016-11-16 14:25,178
기리보이,술자리,.mp3,2016-11-21 18:07,179
정승환,이 바보야,.mp3,2016-12-01 17:36,180
지코,"BERMUDA TRIANGLE (Feat. Crush, DEAN)",.mp3,2016-12-01 17:36,181
"찬열, 펀치",Stay With Me,.mp3,2016-12-08 14:35,182
헤이즈,저 별,.mp3,2016-12-08 14:35,183
BIGBANG,FANTASTIC BABY,.mp3,2016-12-15 16:42,184
BIGBANG,LAST DANCE,.mp3,2016-12-15 16:42,185
BIGBANG,에라 모르겠다,.mp3,2016-12-15 16:42,186
Crush,Beautiful,.mp3,2016-12-17 20:49,187
볼빨간사춘기,좋다고 말해,.mp3,2016-12-21 13:01,188
Zion.T,Complex (feat. G-DRAGON),.mp3,2017-02-01 01:33,189
Zion.T,나쁜 놈들,.mp3,2017-02-01 01:33,190
Zion.T,노래,.mp3,2017-02-01 01:33,191
Zion.T,미안해 (feat. 빈지노),.mp3,2017-02-01 01:33,192
10CM,길어야 5분,.mp3,2017-02-01 14:02,193
10CM,내 눈에만 보여,.mp3,2017-02-01 14:02,194
10CM,봄이 좋냐__,.mp3,2017-02-01 14:02,195
10CM,사랑은 은하수 다방에서,.mp3,2017-02-01 14:02,196
10CM,스토커,.mp3,2017-02-01 14:02,197
AKMU,오랜 날 오랜 밤,.mp3,2017-02-01 14:02,198
비,최고의 선물 (Prod. by 싸이),.mp3,2017-02-01 14:02,199
에디킴,너 사용법,.mp3,2017-02-01 14:02,200
에일리,첫눈처럼 너에게 가겠다,.mp3,2017-02-01 14:02,201
Justin Bieber,Sorry,.mp3,2017-02-18 02:16,202
Justin Bieber,What Do You Mean_,.mp3,2017-02-18 02:16,203
"Skrillex, Diplo, Justin Bieber",Where Are Ü Now,.mp3,2017-02-18 02:16,204
"마크툽, 구윤회",Marry Me,.mp3,2017-02-18 21:52,205
매드클라운,우리집을 못 찾겠군요 (Feat. 볼빨간사춘기),.mp3,2017-02-18 21:52,206
창모,마에스트로 (Maestro),.mp3,2017-02-18 21:52,207
Bruno Mars,24K Magic,.mp3,2017-02-21 18:35,208
Bruno Mars,Just The Way You Are,.mp3,2017-02-21 18:35,209
Bruno Mars,Locked Out Of Heaven,.mp3,2017-02-21 18:35,210
Bruno Mars,Marry You,.mp3,2017-02-21 18:35,211
Bruno Mars,That's What I Like,.mp3,2017-02-21 18:35,212
Carly Rae Jepsen,Call Me Maybe,.mp3,2017-02-21 18:35,213
Eminem,Love The Way You Lie (ft. Rihanna),.mp3,2017-02-21 18:35,214
Maroon 5,Cold (Feat. Future),.mp3,2017-02-21 18:35,215
김광석,먼지가 되어,.mp3,2017-02-21 18:35,216
김범수,사랑해요,.mp3,2017-02-21 18:35,217
노을,만약에 말야 (전우성 Solo),.mp3,2017-02-21 18:35,218
윤종신,Wi-Fi (With 지코),.mp3,2017-03-08 18:53,219
정키,부담이 돼 (Feat. 휘인),.mp3,2017-03-08 18:53,220
Coldplay,Viva La Vida,.mp3,2017-03-18 00:36,221
David Guetta,Titanium (Feat. Sia),.mp3,2017-03-18 00:36,222
Ed Sheeran,Shape of You,.mp3,2017-03-18 00:36,223
Jason Derulo,Wiggle (Feat. Snoop Dogg),.mp3,2017-03-18 00:36,224
Maroon 5,Maps,.mp3,2017-03-18 00:36,225
Maroon 5,Moves Like Jagger (Feat. Christina Aguilera),.mp3,2017-03-18 00:36,226
Sia,Cheap Thrills (Feat. Sean Paul),.mp3,2017-03-18 00:36,227
The Chainsmokers,Don't Let Me Down (Feat. Daya),.mp3,2017-03-18 00:36,228
Troye Sivan,YOUTH,.mp3,2017-03-18 00:36,229
아이유,밤편지,.mp3,2017-04-05 20:35,230
창모,아름다워,.mp3,2017-04-05 20:35,231
The Chainsmokers,Closer (Feat. Halsey),.mp3,2017-04-14 23:05,232
Zedd,Clarity (Feat. Foxes),.mp3,2017-04-14 23:05,233
블락비,보기 드문 여자,.mp3,2017-05-10 08:56,234
아이유,사랑이 잘 (With 오혁),.mp3,2017-05-10 08:56,235
아이유,팔레트 (Feat. G-DRAGON),.mp3,2017-05-10 08:56,236
지코,She's a Baby,.mp3,2017-05-10 08:56,237
Nick Jonas,Close (feat. Tove Lo),.mp3,2017-05-25 16:13,238
The Chainsmokers,Something Just Like This,.mp3,2017-05-25 16:13,239
로꼬,감아 (Hold Me Tight) (Feat. Crush),.mp3,2017-06-06 01:30,240
로꼬,남아있어 (Feat. Crush),.mp3,2017-06-06 01:30,241
로꼬,지나쳐 (Feat. DEAN),.mp3,2017-06-06 01:30,242
볼빨간사춘기,처음부터 너와 나,.mp3,2017-06-06 01:30,243
FTISLAND,사랑앓이 (With 김나영),.mp3,2017-06-06 01:31,244
방탄소년단,피 땀 눈물,.mp3,2017-06-06 01:31,245
에디킴,쿵쾅대,.mp3,2017-06-13 18:56,246
G-DRAGON,"무제(無題) (Untitled, 2014)",.mp3,2017-06-13 18:57,247
"볼빨간사춘기, 스무살",남이 될 수 있을까,.mp3,2017-06-16 23:54,248
BOBBY,연결고리 #힙합,.mp3,2017-06-29 21:42,249
BLACKPINK,마지막처럼,.mp3,2017-07-01 14:50,250
지코,ANTI (Feat. G.Soul),.mp3,2017-07-15 11:49,251
지코,Artist,.mp3,2017-07-15 11:49,252
지코,FANXY CHILD (Feat. FANXY CHILD),.mp3,2017-07-15 11:49,253
지코,천재 (Behind the scene),.mp3,2017-07-15 11:49,254
황치열,매일 듣는 노래 (A Daily Song),.mp3,2017-07-15 11:49,255
사이먼 도미닉,사이먼 도미닉,.mp3,2017-07-15 15:20,256
개리,바람이나 좀 쐐 (Feat. 우혜미),.mp3,2017-07-15 15:25,257
개리,조금 이따 샤워해 (Feat. Crush),.mp3,2017-07-15 15:25,258
헤이즈,널 너무 모르고,.mp3,2017-07-15 15:37,259
헤이즈,먹구름 (Feat. nafla),.mp3,2017-07-15 15:37,260
헤이즈,비도 오고 그래서 (Feat. 신용재),.mp3,2017-07-15 15:37,261
EXO,Ko Ko Bop,.mp3,2017-07-25 20:49,262
윤종신,좋니,.mp3,2017-07-25 20:49,263
"넉살, 한해, 라이노, 조우찬",N분의1 (Feat. 다이나믹 듀오),.mp3,2017-08-05 12:10,264
"박재범, Dok2, Ja Mezz, Ness, Woodie Gochild, Junoflo",도박 (Life Is a Gamble),.mp3,2017-08-09 15:16,265
킬라그램,"어디 (Feat. DEAN, 지코)",.mp3,2017-08-12 17:13,266
행주,"Red Sun (Feat. 지코, 스윙스)",.mp3,2017-08-27 00:29,267
넉살,필라멘트 (Feat. 김범수),.mp3,2017-08-27 00:30,268
DEAN,I'm Not Sorry (Feat. Eric Bellinger),.mp3,2017-08-27 16:42,269
millic,PARADISE (Feat. FANXYCHILD),.mp3,2017-08-27 16:43,270
GroovyRoom,"Sunday (Feat. 헤이즈, 박재범)",.mp3,2017-08-27 16:54,271
DJ Khaled,"I'm The One (Feat. Justin Bieber, Quavo, Chance The Rapper & Lil Wayne)",.mp3,2017-09-08 20:30,272
DEAN,love (Feat. Syd),.mp3,2017-09-08 22:15,273
BewhY,9UCCI BANK (Feat. Dok2),.mp3,2017-09-08 22:18,274
BewhY,Bichael Yackson,.mp3,2017-09-08 22:18,275
BewhY,Red Carpet,.mp3,2017-09-08 22:18,276
Eminem,Rap God,.mp3,2017-09-08 23:30,277
"박재범, Double K, 보이비",REBORN,.mp3,2017-09-11 20:12,278
DEAN X PUMA,Run The Streets (PUMA CF),.mp3,2017-09-11 20:22,279
박재범,Me like yuh (k) (Feat. Hoody),.mp3,2017-09-11 20:27,280
BewhY,My Star,.mp3,2017-09-17 18:47,281
BewhY,Wright Brothers (Feat. C JAMM),.mp3,2017-09-17 18:47,282
아이유,가을 아침,.mp3,2017-09-20 19:26,283
아이유,잠 못 드는 밤 비는 내리고,.mp3,2017-09-22 20:08,284
볼빨간사춘기,Blue,.mp3,2017-09-28 06:52,285
볼빨간사춘기,고쳐주세요,.mp3,2017-09-28 06:52,286
볼빨간사춘기,나의 사춘기에게,.mp3,2017-09-28 06:52,287
볼빨간사춘기,썸 탈꺼야,.mp3,2017-09-28 06:52,288
Jeff Bernat,Call You Mine (Feat. Geologic of The Blue Scholars),.mp3,2017-09-30 00:48,289
윤종신,너를 찾아서,.mp3,2017-10-10 00:22,290
아이유,나의 옛날이야기,.mp3,2017-10-13 16:10,291
EXO,으르렁 (Growl),.m4a,2017-10-13 16:38,292
여자친구,귀를 기울이면 (LOVE WHISPER),.mp3,2017-10-13 17:07,293
여자친구,너 그리고 나 (Navillera),.mp3,2017-10-13 17:07,294
여자친구,시간을 달려서 (Rough),.mp3,2017-10-13 17:07,295
여자친구,여름비 (SUMMER RAIN),.mp3,2017-10-13 17:07,296
여자친구,오늘부터 우리는 (Me Gustas Tu),.mp3,2017-10-13 17:07,297
에픽하이,"노땡큐 (Feat. MINO, 사이먼 도미닉, The Quiett)",.mp3,2017-10-26 16:51,298
에픽하이,빈차 (Feat. 오혁),.mp3,2017-10-26 16:51,299
에픽하이,연애소설 (Feat. 아이유),.mp3,2017-10-26 16:51,300
GRAY,"잘 (I'm fine) (With 슬리피, 로꼬, Hoody)",.mp3,2017-11-01 18:58,301
"10CM, 첸",Bye Babe,.mp3,2017-11-04 17:22,302
EXID,덜덜덜,.mp3,2017-11-07 07:40,303
블락비,Shall We Dance,.mp3,2017-11-07 08:00,304
정준일,안아줘,.mp3,2017-11-17 22:24,305
Charlie Puth,One Call Away,.mp3,2017-11-17 23:17,306
Charlie Puth,We Don’t Talk Anymore (feat. Selena Gomez),.mp3,2017-11-17 23:17,307
방탄소년단,DNA,.mp3,2017-11-19 20:59,308
Ed Sheeran,Thinking Out Loud,.mp3,2017-11-19 23:55,309
Gallant,Weight In Gold,.mp3,2017-11-19 23:55,310
OneRepublic,Counting Stars,.mp3,2017-11-19 23:55,311
Sam Smith,Stay With Me,.mp3,2017-11-20 01:47,312
Major Lazer,Lean on (Feat. MØ & DJ Snake),.mp3,2017-11-21 17:37,313
ZAYN,PILLOWTALK,.mp3,2017-11-22 19:58,314
Ed Sheeran,Perfect,.mp3,2017-11-22 20:37,315
Shawn Mendes,Stitches,.mp3,2017-11-22 21:31,316
Shawn Mendes,There's Nothing Holdin' Me Back,.mp3,2017-12-02 15:46,317
Zion.T,눈 (Feat. 이문세),.mp3,2017-12-04 08:20,318
Sam Smith,Too Good at Goodbyes,.mp3,2017-12-06 18:54,319
Bruno Mars,The Lazy Song,.mp3,2017-12-10 01:57,320
John Legend,All Of Me,.mp3,2017-12-13 13:07,321
Dua Lipa,New Rules,.mp3,2017-12-13 13:18,322
Kendrick Lamar,HUMBLE.,.mp3,2017-12-13 13:18,323
문문,비행운,.mp3,2017-12-21 00:25,324
"Charlie Puth, Wiz Khalifa",See You Again,.mp3,2017-12-25 16:40,325
Ariana Grande,Problem (Feat. Iggy Azalea),.mp3,2017-12-25 16:44,326
DEAN,instagram,.mp3,2017-12-27 16:35,327
Maroon 5,What Lovers Do (Feat. SZA),.mp3,2017-12-31 01:35,328
박원,all of my life,.mp3,2018-01-18 22:07,329
장덕철,그날처럼,.mp3,2018-01-18 22:07,330
볼빨간사춘기,#첫사랑,.mp3,2018-01-18 22:16,331
임창정,그 사람을 아나요,.mp3,2018-01-18 22:16,332
Imagine Dragons,Believer,.mp3,2018-01-19 21:22,333
Imagine Dragons,Thunder,.mp3,2018-01-19 21:33,334
Imagine Dragons,Radioactive,.mp3,2018-01-19 22:17,335
Camila Cabello,Havana (feat. Young Thug),.m4a,2018-01-26 17:08,336
Camila Cabello,Never Be the Same,.m4a,2018-01-26 17:08,337
Kendrick Lamar,DNA.,.mp3,2018-02-03 14:35,338
Kendrick Lamar,How Much A Dollar Cost (Feat. James Fauntleroy & Ronald Isley),.mp3,2018-02-08 01:16,339
Red Velvet,Bad Boy,.mp3,2018-02-12 14:41,340
정승환,눈사람,.mp3,2018-02-21 20:56,341
"김희철, 민경훈",후유증,.mp3,2018-02-23 21:32,342
BIGBANG,꽃 길,.mp3,2018-03-13 21:13,343
로이킴,그때 헤어지면 돼,.mp3,2018-03-13 21:13,344
이수,My Way,.mp3,2018-03-13 21:13,345
헤이즈,Jenga (Feat. 개코),.mp3,2018-03-21 22:34,346
"HAON, VINXEN",바코드 (Prod. GroovyRoom),.mp3,2018-04-03 20:46,347
Desiigner,Panda,.mp3,2018-04-23 21:24,348
용준형,소나기 (Feat. 10CM),.mp3,2018-04-23 21:27,349
멜로망스,You,.mp3,2018-04-23 21:37,350
Crush,잊을만하면,.mp3,2018-05-04 00:32,351
Imagine Dragons,Rise Up,.mp3,2018-05-04 01:35,352
Unlike Pluto,Everything Black (feat. Mike Taylor),.mp3,2018-05-06 22:51,353
"Marshmello, Anne-Marie",FRIENDS,.mp3,2018-05-07 19:20,354
Anne-Marie,2002,.mp3,2018-05-07 19:24,355
Clean Bandit,Rockabye (Feat. Sean Paul & Anne-Marie),.mp3,2018-05-07 19:28,356
Avicii,The Nights,.mp3,2018-05-21 01:00,357
DJ Snake,Let Me Love You (Feat. Justin Bieber),.mp3,2018-05-26 22:30,358
스윙스,"Keep Going (Feat. BewhY, nafla, 지코) (Prod. By IOAH)",.mp3,2018-05-30 19:11,359
ELO,OSAKA (Feat. 지코),.mp3,2018-05-30 19:15,360
(여자)아이들,LATATA,.mp3,2018-06-05 19:44,361
닐로,지나오다,.mp3,2018-06-05 19:47,362
방탄소년단,FAKE LOVE,.mp3,2018-06-05 19:50,363
볼빨간사춘기,여행,.mp3,2018-06-05 19:50,364
여자친구,밤 (Time for the moon night),.mp3,2018-06-05 19:54,365
펀치,밤이 되니까,.mp3,2018-06-05 19:55,366
BLACKPINK,뚜두뚜두 (DDU-DU DDU-DU),.mp3,2018-06-17 18:40,367
페노메코,Good Morning (Feat. 카더가든),.mp3,2018-06-24 21:42,368
Shawn Mendes,Treat You Better,.mp3,2018-07-06 18:52,369
Shawn Mendes,In My Blood,.mp3,2018-07-06 19:37,370
Shawn Mendes,Nervous,.mp3,2018-07-06 19:37,371
Shawn Mendes,Youth (Feat. Khalid),.mp3,2018-07-06 19:37,372
Charlie Puth,Change (Feat. James Taylor),.mp3,2018-07-06 19:55,373
Anne-Marie,Bad Girlfriend,.mp3,2018-07-06 20:08,374
Anne-Marie,Ciao Adios,.mp3,2018-07-06 20:08,375
Anne-Marie,Trigger,.mp3,2018-07-06 20:08,376
Ed Sheeran,Bibia Be Ye Ye,.mp3,2018-07-06 20:08,377
Ed Sheeran,Eraser,.mp3,2018-07-06 20:08,378
Ed Sheeran,Happier,.mp3,2018-07-06 20:08,379
Grace VanderWaal,Moonlight,.mp3,2018-07-06 20:12,380
BLACKPINK,Forever Young,.mp3,2018-08-01 13:24,381
Crush,Cereal (Feat. 지코),.mp3,2018-08-01 13:26,382
TWICE,Dance The Night Away,.mp3,2018-08-01 13:32,383
장범준,그녀가 곁에 없다면 (결혼 행진곡을 활용한 신곡),.mp3,2018-08-01 13:52,384
페노메코,L.I.E (Prod. 지코),.mp3,2018-08-01 14:00,385
지코,SoulMate (Feat. 아이유),.mp3,2018-08-01 14:01,386
사이먼 도미닉,Me No Jay Park,.mp3,2018-08-01 14:10,387
Maroon 5,Girls Like You (feat. Cardi B),.mp3,2018-08-01 14:35,388
Drake,In My Feelings,.mp3,2018-08-01 15:08,389
김건모,잘못된 만남,.mp3,2018-08-03 12:12,390
Childish Gambino,This Is America,.mp3,2018-08-03 15:42,391
한요한,"헬리콥터 (Feat. Kid Milli, NO_EL)",.mp3,2018-08-07 00:00,392
"GRAY, 로꼬, SURAN, 에디킴",썸머 (SOME MORE),.mp3,2018-08-11 00:34,393
멜로망스,선물,.mp3,2018-08-11 00:39,394
Kid Milli,Honmono (Feat. 블랙넛),.mp3,2018-08-11 01:04,395
"기리보이, Kid Milli, NO_EL, 스윙스",flex (Prod. By 기리보이),.mp3,2018-08-11 01:06,396
페노메코,COCO BOTTLE,.mp3,2018-09-02 21:41,397
DPR LIVE,Martini Blue,.mp3,2018-09-02 21:49,398
Cardi B,Bodak Yellow,.mp3,2018-09-02 22:04,399
"Machine Gun Kelly, Camila Cabello",Bad Things,.mp3,2018-09-02 22:36,400
"스컬, C JAMM",KILLA DREADS,.mp3,2018-09-02 22:44,401
Rihanna,Work (Feat. Drake),.mp3,2018-09-02 23:16,402
"Lil Wayne, Wiz Khalifa, Imagine Dragons","Sucker For Pain (with Logic, Ty Dolla Sign & X Ambassadors)",.mp3,2018-09-02 23:23,403
Drake,Blue Tint (Feat. Future),.mp3,2018-09-02 23:32,404
Drake,Mob Ties,.mp3,2018-09-02 23:35,405
(여자)아이들,한 (一),.mp3,2018-09-04 16:30,406
twenty one pilots,Stressed Out,.mp3,2018-09-04 16:36,407
twenty one pilots,Heathens,.mp3,2018-09-04 16:38,408
"Taylor Swift, Ed Sheeran",Everything Has Changed,.mp3,2018-09-04 16:44,409
Eminem,Without Me,.mp3,2018-09-04 16:49,410
Imagine Dragons,Whatever It Takes,.mp3,2018-09-05 22:32,411
Skrillex,Bangarang,.mp3,2018-09-11 00:03,412
Eminem,Lose Yourself,.mp3,2018-09-12 19:06,413
Eminem,Fall,.mp3,2018-09-12 19:17,414
Eminem,Greatest,.mp3,2018-09-12 19:17,415
Eminem,Kamikaze,.mp3,2018-09-12 19:17,416
Eminem,Lucky You (Feat. Joyner Lucas),.mp3,2018-09-12 19:17,417
Eminem,The Ringer,.mp3,2018-09-12 19:17,418
Eminem,Not Alike (feat. Royce da 5'9),.mp3,2018-09-15 01:19,419
Machine Gun Kelly,Rap Devil,.mp3,2018-09-15 01:20,420
Eminem,The Real Slim Shady,.mp3,2018-09-15 01:26,421
Panic! At the Disco,Bohemian Rhapsody,.mp3,2018-09-15 14:57,422
Pharrell Williams,Happy (Gru's Theme From Despicable Me 2),.mp3,2018-09-15 22:01,423
BIGBANG,IF YOU,.mp3,2018-09-22 01:44,424
BIGBANG,맨정신,.mp3,2018-09-22 01:44,425
"Luis Fonsi, Daddy Yankee",Despacito (Remix) (Feat. Justin Bieber),.mp3,2018-09-22 02:06,426
"Sik-K, pH-1, 박재범",iffy (Prod. GroovyRoom),.mp3,2018-09-22 02:42,427
HAON,붕붕 (Feat. Sik-K) (Prod. GroovyRoom),.mp3,2018-09-22 02:44,428
Little Mix,Oops (Feat. Charlie Puth),.mp3,2018-09-22 02:48,429
기리보이,예쁘잖아,.mp3,2018-09-22 02:51,430
MC 몽,죽을 만큼 아파서 (Feat. 멜로우),.mp3,2018-09-22 03:10,431
G-DRAGON,Black (Feat. JENNIE),.mp3,2018-09-22 03:31,432
코드 쿤스트,PARACHUTE (Feat. 오혁 & Dok2),.mp3,2018-09-22 03:39,433
코드 쿤스트,"Beside Me (feat. BewhY, YDG, SURAN)",.mp3,2018-09-22 03:40,434
"김희철, 민경훈",나비잠 (Sweet Dream),.mp3,2018-09-22 03:44,435
팔로알토,"거북선 Remix (Feat. G2, B-FREE, Okasian & 지코)",.mp3,2018-09-22 03:45,436
SURAN,러브스토리 (Feat. Crush),.mp3,2018-09-22 03:47,437
SURAN,1+1=0 (Feat. DEAN),.mp3,2018-09-22 03:48,438
SURAN,쩔쩔매줘,.mp3,2018-09-22 03:48,439
SURAN,오늘 취하면 (Feat. 창모) (Prod. SUGA),.mp3,2018-09-22 03:50,440
"Supreme Team, 영준",그땐 그땐 그땐,.mp3,2018-09-22 15:08,441
가인,Fxxk U (Feat. 범키),.mp3,2018-09-22 15:21,442
로이킴,봄봄봄,.mp3,2018-09-22 15:53,443
빈지노,Break,.mp3,2018-09-22 15:59,444
빈지노,"Dali, Van, Picasso",.mp3,2018-09-22 15:59,445
AKMU,200%,.mp3,2018-09-22 16:00,446
AKMU,Give Love,.mp3,2018-09-22 16:00,447
어쿠스틱 콜라보,I Do,.mp3,2018-09-22 16:01,448
어쿠스틱 콜라보,My Heaven,.mp3,2018-09-22 16:01,449
어쿠스틱 콜라보,"그대와 나, 설레임",.mp3,2018-09-22 16:01,450
어쿠스틱 콜라보,"묘해, 너와",.mp3,2018-09-22 16:01,451
어쿠스틱 콜라보,사랑한다 말할까봐,.mp3,2018-09-22 16:01,452
어쿠스틱 콜라보,응원가,.mp3,2018-09-22 16:01,453
영준,꽃보다 그대가 (Feat. 사이먼 도미닉),.mp3,2018-09-22 16:03,454
박재범,"FSU (Feat. GASHI, Rich The Kid)",.mp3,2018-09-22 16:10,455
Avicii,Waiting For Love,.mp3,2018-09-22 18:10,456
Avicii,Wake Me Up,.mp3,2018-09-22 18:10,457
"Cardi B, Bad Bunny, J Balvin",I Like It,.mp3,2018-09-22 18:12,458
Charlie Puth,Attention,.mp3,2018-09-22 18:12,459
Charlie Puth,How Long,.mp3,2018-09-22 18:12,460
Charlie Puth,LA Girls,.mp3,2018-09-22 18:12,461
Charlie Puth,Slow It Down,.mp3,2018-09-22 18:12,462
Charlie Puth,The Way I Am,.mp3,2018-09-22 18:12,463
"Charlie Puth, Kehlani",Done For Me (feat. Kehlani),.mp3,2018-09-22 18:13,464
DJ Khaled,"No Brainer (Feat. Justin Bieber, Chance the Rapper & Quavo)",.m4a,2018-09-22 18:13,465
Drake,Hotline Bling,.mp3,2018-09-22 18:13,466
Flo Rida,GDFR (Feat. Sage The Gemini And Lookas),.mp3,2018-09-22 18:14,467
Imagine Dragons,Natural,.mp3,2018-09-22 18:14,468
Imagine Dragons,Walking The Wire,.mp3,2018-09-22 18:14,469
"Logic, Marshmello",Everyday,.mp3,2018-09-22 18:15,470
XXXTENTACION,SAD!,.mp3,2018-09-22 18:21,471
Lukas Graham,7 Years,.mp3,2018-09-22 18:36,472
Big Shaq,Man's Not Hot,.mp3,2018-09-24 16:20,473
David Guetta,Don't Leave Me Alone (Feat. Anne-Marie),.mp3,2018-09-29 01:20,474
"Silk City, Dua Lipa",Electricity,.mp3,2018-09-29 01:22,475
Dua Lipa,IDGAF,.mp3,2018-09-29 01:24,476
"Kanye West, Lil Pump",I Love It,.mp3,2018-09-29 01:28,477
Lil Dicky,Freaky Friday (Feat. Chris Brown),.mp3,2018-09-29 01:34,478
Panic! At the Disco,High Hopes,.mp3,2018-09-29 01:36,479
"Joyner Lucas, Chris Brown",I Don't Die,.m4a,2018-09-29 01:40,480
Eminem,My Name Is,.mp3,2018-09-29 01:53,481
Joyner Lucas,I'm Not Racist,.mp3,2018-09-29 02:06,482
박재범,V,.mp3,2018-10-02 21:56,483
Nicki Minaj,Chun-Li,.mp3,2018-10-03 14:52,484
DEAN,21,.mp3,2018-10-05 00:58,485
아이유,삐삐,.mp3,2018-10-12 01:17,486
Travis Scott,SICKO MODE,.mp3,2018-10-12 01:38,487
Travis Scott,Antidote,.mp3,2018-10-12 01:46,488
Kid Milli,WHY DO FUCKBOIS HANG OUT ON THE NET,.mp3,2018-10-12 02:19,489
Nicki Minaj,"Only (Feat. Lil Wayne, Chris Brown & Drake)",.mp3,2018-10-12 02:19,490
Travis Scott,goosebumps (Feat. Kendrick Lamar),.mp3,2018-10-12 02:19,491
"Shawn Mendes, Camila Cabello",I Know What You Did Last Summer,.m4a,2018-10-13 18:30,492
Post Malone,Deja Vu (Feat. Justin Bieber),.mp3,2018-10-16 17:05,493
Post Malone,Money Made Me Do It (Feat. 2 Chainz),.mp3,2018-10-16 17:05,494
Post Malone,No Option,.mp3,2018-10-16 17:05,495
Post Malone,Up There,.mp3,2018-10-16 17:05,496
Bazzi,Mine,.mp3,2018-10-24 23:36,497
pH-1,Hate You (Feat. 우원재) (Prod. 코드 쿤스트),.mp3,2018-10-25 00:02,498
XXXTENTACION,Moonlight,.mp3,2018-10-25 00:14,499
Bazzi,Beautiful (Feat. Camila Cabello),.mp3,2018-10-25 00:18,500
Coogie,"스즈란 (Feat. Kid Milli, nafla, 로꼬)",.mp3,2018-10-25 00:18,501
"pH-1, Kid Milli, 루피",Good Day (Feat. 팔로알토) (Prod. 코드 쿤스트),.mp3,2018-10-25 00:18,502
기리보이,"옛날거 (Prod. By 기리보이, MISU) (Feat. Kid Milli)",.mp3,2018-10-29 21:30,503
한요한,"BABY I'M A ROCKSTAR (Feat. NO_EL, 김승민)",.mp3,2018-10-29 21:36,504
League of Legends,"RISE (feat. The Glitch Mob, Mako & The Word Alive)",.mp3,2018-10-29 21:56,505
창모,아이야 (Feat. 빈지노),.mp3,2018-11-01 22:12,506
LSD,"Audio (Feat. Sia, Diplo & Labrinth)",.m4a,2018-11-01 22:24,507
LSD,"Genius (Feat. Sia, Diplo & Labrinth)",.m4a,2018-11-01 22:24,508
BOYCOLD,"YOUTH (Feat. HAON, Coogie, BewhY)",.mp3,2018-11-01 22:30,509
LSD,"Thunderclouds (Feat. Sia, Diplo & Labrinth)",.mp3,2018-11-01 22:37,510
Lil Pump,Gucci Gang,.mp3,2018-11-01 23:14,511
"Jimmy Paige, 기리보이, 블랙넛, BILL STAX, C JAMM, 그냥노창, 스윙스",카니발갱,.mp3,2018-11-01 23:20,512
nafla,Wu,.mp3,2018-11-03 10:15,513
Bruno Mars,Treasure,.mp3,2018-11-03 10:20,514
"박재범, Ugly Duck",우리가 빠지면 PARTY가 아니지,.mp3,2018-11-03 10:24,515
Anne-Marie,Perfect,.mp3,2018-11-05 17:12,516
"nafla, pH-1, Kid Milli, 오르내림, 루피, SUPERBEE",119 (Feat. GRAY),.mp3,2018-11-05 21:27,517
Zion.T,My Luv,.mp3,2018-11-05 22:08,518
Zion.T,멋지게 인사하는 법 (Feat. 슬기),.mp3,2018-11-05 22:09,519
Zion.T,아이돌,.mp3,2018-11-05 22:09,520
EK,GOD GOD GOD,.mp3,2018-11-05 22:16,521
pH-1,주황색 (Feat. 박재범) (Prod. 코드 쿤스트),.mp3,2018-11-05 22:16,522
Kid Milli,Change (Feat. GRAY) (Prod. 코드 쿤스트),.mp3,2018-11-05 22:19,523
Kid Milli,MOMM (Feat. JUSTHIS) (Prod. 코드 쿤스트),.mp3,2018-11-05 22:19,524
기리보이,빈집 (Prod. By dnss) (Feat. THAMA),.mp3,2018-11-05 22:38,525
NCT 127,Regular (English Ver.),.mp3,2018-11-15 15:39,526
"박재범, 사이먼 도미닉, 로꼬, GRAY",뒤집어버려,.mp3,2018-11-15 15:39,527
K_DA,"POP_STARS (ft. Madison Beer, (여자)아이들, Jaira Burns)",.mp3,2018-11-15 15:41,528
기리보이,키보드 (Prod. By Hansen),.mp3,2018-11-15 15:42,529
NO_EL,집 (Prod. By dnss) (Feat. 김승민),.mp3,2018-11-15 15:47,530
nafla,버클 (Feat. 지코) (Prod. 기리보이),.mp3,2018-11-15 15:51,531
C JAMM,신기루 (illusion),.mp3,2018-11-23 18:01,532
Ariana Grande,No Tears Left to Cry,.mp3,2018-11-27 23:18,533
샘김,It's You (Feat. 지코),.mp3,2018-11-28 00:21,534
샘김,Make Up (Feat. Crush),.mp3,2018-11-28 00:21,535
"The Quiett, 릴러말즈",namchin,.mp3,2018-11-28 00:30,536
Ja Mezz,Pink is the New Black (Feat. SALU),.mp3,2018-11-28 00:37,537
기리보이,"(Bonus Track) 범퍼카 Remix (Feat. 마미손, 김승민, 한요한)",.mp3,2018-11-28 00:40,538
기리보이,"관종 (Prod. By 기리보이, Johnny) (Feat. THAMA)",.mp3,2018-11-28 00:40,539
Huckleberry P,One of Them (Feat. JUSTHIS & EK),.mp3,2018-11-28 00:43,540
한요한,"Mood Maker (Feat. 창모, JUSTHIS, 기리보이)",.mp3,2018-11-28 00:48,541
nafla,you gon need it,.mp3,2018-11-28 00:50,542
Jvcki Wai,Anarchy,.mp3,2018-11-28 00:52,543
pH-1,Homebody,.mp3,2018-11-28 01:01,544
SUPERBEE,수퍼비와 (Feat. BewhY) (Prod. BewhY),.mp3,2018-12-01 14:45,545
죠지,Boat,.mp3,2018-12-03 00:43,546
JENNIE,SOLO,.mp3,2018-12-03 00:51,547
"Kid Milli, Jvcki Wai",Beluga,.mp3,2018-12-05 01:06,548
"로꼬, GRAY",Late Night,.mp3,2018-12-13 03:09,549
"Kid Milli, Jvcki Wai",KOCEAN,.mp3,2018-12-17 23:02,550
Gotye,Somebody That I Used to Know (Feat. Kimbra),.m4a,2018-12-18 23:37,551
오왼,City,.mp3,2018-12-18 23:56,552
Junoflo,Autopilot (Feat. 보아),.mp3,2018-12-19 00:00,553
JUSTHIS,Gone,.mp3,2018-12-19 00:33,554
DEAN,"하루살이 (feat. 설리, Rad Museum)",.mp3,2018-12-20 00:05,555
"Carnage, Lil Pump",i Shyne,.mp3,2018-12-20 00:09,556
기리보이,"vv 2 (Feat. Kid Milli, 최엘비, 김승민, Hayake)",.mp3,2019-01-03 12:36,557
Daniel Caesar,Get You (feat. Kali Uchis),.mp3,2019-01-03 13:10,558
기리보이,"평화 (Prod. By Cosmic Boy) (Feat. Crush, 최엘비)",.mp3,2019-01-03 14:28,559
SZA,Love Galore (Feat. Travis Scott),.mp3,2019-01-03 14:46,560
청하,벌써 12시,.m4a,2019-01-04 23:19,561
박재범,몸매 (MOMMAE) (Feat. Ugly Duck),.mp3,2019-01-07 17:48,562
김건모,서울의 달,.mp3,2019-01-07 18:45,563
Fifth Harmony,Worth It (Feat. Kid Ink),.mp3,2019-01-07 19:30,564
Flo Rida,Whistle,.m4a,2019-01-07 19:40,565
나얼,바람기억,.mp3,2019-01-07 21:15,566
Lil Pump,Butterfly Doors,.m4a,2019-01-13 22:10,567
Post Malone,Wow.,.m4a,2019-01-14 21:46,568
Migos,Bad And Boujee (Feat. Lil Uzi Vert),.mp3,2019-01-15 00:08,569
Lil Dicky,Professional Rapper (Feat. Snoop Dogg),.mp3,2019-01-16 07:27,570
Oliver Tree,Alien Boy,.mp3,2019-01-20 14:06,571
Jvcki Wai,Enchanted Propaganda,.mp3,2019-01-22 14:09,572
Lil Pump,Esskeetit,.mp3,2019-01-28 12:41,573
페노메코,No.5 (Feat. Crush),.mp3,2019-01-29 20:13,574
박재범,원해 (WANT IT) (Feat. 그냥노창 & B-FREE),.mp3,2019-01-29 20:17,575
태연,Starlight (Feat. DEAN),.mp3,2019-01-29 20:36,576
태연,Fine,.mp3,2019-01-29 20:37,577
태연,Rain,.mp3,2019-01-29 20:44,578
Ariana Grande,7 rings,.m4a,2019-02-10 22:30,579
Oliver Tree,Movement,.m4a,2019-02-10 22:35,580
"Joyner Lucas, Chris Brown",Just Let Go,.m4a,2019-02-10 22:37,581
SUPERBEE,Heu ! (Full Ver.),.mp3,2019-02-10 22:57,582
페노메코,Till I Die,.mp3,2019-02-10 23:04,583
Billie Eilish,bury a friend,.m4a,2019-02-11 00:07,584
NO_EL,Damn! (Feat. 블랙넛),.m4a,2019-02-23 03:52,585
NO_EL,"1, 2, 3, and 4 (Feat. JUSTHIS, Kid Milli, 스윙스)",.m4a,2019-02-23 04:03,586
Cosmic Boy,"Can I Love _ (Feat. youra, Meego)",.mp3,2019-02-23 04:13,587
Cosmic Boy,"주입식 교육 (Feat. 죠지, 최엘비, Coogie)",.mp3,2019-02-23 04:22,588
21 Savage,a lot,.m4a,2019-02-23 04:41,589
Lil Pump,Racks on Racks,.m4a,2019-02-23 12:28,590
Billie Eilish,COPYCAT,.mp3,2019-02-23 23:15,591
Billie Eilish,idontwannabeyouanymore,.mp3,2019-02-23 23:16,592
방탄소년단,MIC Drop [Steve Aoki Remix] (Full Length Edition),.m4a,2019-02-24 03:17,593
Junoflo,"Statues REMIX (Feat. Bizzy, Double K, Dok2, 타이거JK, 윤미래)",.mp3,2019-02-25 02:30,594
임재범,너를 위해,.mp3,2019-02-25 02:51,595
"JUSTHIS, NO_EL, 스윙스",취급주의,.mp3,2019-03-05 17:28,596
"JUSTHIS, Kid Milli, NO_EL, 양홍원",IndiGO,.mp3,2019-03-05 17:38,597
"JUSTHIS, Kid Milli, 스윙스",Credit,.mp3,2019-03-05 17:38,598
"Jvcki Wai, Kid Milli, NO_EL, 양홍원, 스윙스",Work Out,.mp3,2019-03-05 17:38,599
"Jvcki Wai, Kid Milli, 스윙스",Hyperreal,.mp3,2019-03-05 17:38,600
ITZY,달라달라,.mp3,2019-03-07 20:30,601
김건모,잠 못 드는 밤 비는 내리고,.mp3,2019-03-11 17:07,602
Kid Milli,Duracell (Feat. 장석훈),.mp3,2019-03-11 17:18,603
"Kid Milli, 양홍원, 스윙스",Swoosh,.mp3,2019-03-11 17:18,604
(여자)아이들,Senorita,.m4a,2019-03-11 17:24,605
"김승민, 기리보이, 오르내림",스톤,.mp3,2019-03-11 18:07,606
창모,Selfmade Orange (Feat. SUPERBEE),.mp3,2019-03-11 18:21,607
Dbo,I Could Do Dead,.mp3,2019-03-21 23:25,608
"기리보이, 김승민, 오르내림, HAYAKE, NO_EL",벽,.mp3,2019-03-27 22:37,609
BewhY,찬란,.mp3,2019-03-29 00:23,610
Imagine Dragons,Machine,.mp3,2019-03-29 00:42,611
Imagine Dragons,Warriors,.m4a,2019-03-29 01:06,612
Drake,Nice For What,.mp3,2019-03-29 01:11,613
"Cardi B, Bruno Mars",Please Me,.mp3,2019-03-29 01:35,614
RADWIMPS,前前前世 (movie ver.),.mp3,2019-04-03 19:36,615
IZONE (아이즈원),비올레타,.mp3,2019-04-08 22:13,616
"기리보이, Kid Milli",무거워,.mp3,2019-04-08 22:16,617
Daft Punk,"Harder, Better, Faster, Stronger",.mp3,2019-04-08 23:20,618
방탄소년단,RUN,.mp3,2019-04-08 23:28,619
Shawn Mendes,Mercy,.mp3,2019-04-10 19:55,620
"기리보이, 스윙스",The Crown,.m4a,2019-04-10 19:59,621
"행주, 양홍원","SEARCH (Feat. 카더가든, 지코)",.mp3,2019-04-10 20:04,622
"행주, 양홍원, Hash Swan, 킬라그램","요즘것들 (Feat. 지코, DEAN)",.mp3,2019-04-10 20:04,623
Post Malone,Spoil My Night (feat. Swae Lee),.mp3,2019-04-10 20:18,624
Post Malone,Better Now,.mp3,2019-04-10 20:23,625
Post Malone,Ball For Me (feat. Nicki Minaj),.mp3,2019-04-10 20:25,626
Post Malone,Stay,.mp3,2019-04-10 20:27,627
Post Malone,92 Explorer,.mp3,2019-04-10 20:28,628
Post Malone,rockstar (feat. 21 Savage),.m4a,2019-04-10 20:32,629
Post Malone,Psycho (Feat. Ty Dolla $ign),.mp3,2019-04-10 20:33,630
"스윙스, 기리보이, 그냥노창, C JAMM",Rain Showers Remix,.mp3,2019-04-10 21:17,631
Billie Eilish,bad guy,.m4a,2019-04-17 16:57,632
방탄소년단,작은 것들을 위한 시 (Boy With Luv) feat. Halsey,.m4a,2019-04-17 17:04,633
Imagine Dragons,Demons,.mp3,2019-04-17 17:11,634
다이나믹 듀오,죽일 놈 (Guilty),.mp3,2019-04-17 17:49,635
긱스,어때 (feat. 하림),.mp3,2019-04-17 17:51,636
Jonas Brothers,Sucker,.m4a,2019-04-20 00:27,637
Lil Nas X,Old Town Road (Remix) (feat. Billy Ray Cyrus),.m4a,2019-04-20 00:32,638
Chris Brown,Undecided,.m4a,2019-04-25 13:00,639
"SZA, The Weeknd, Travis Scott",Power Is Power,.m4a,2019-04-28 22:01,640
로꼬,시간이 들겠지 (Feat. Colde),.mp3,2019-04-29 10:45,641
김범수,보고싶다,.mp3,2019-04-29 10:47,642
JUSTHIS,THISISJUSTHIS,.mp3,2019-04-29 10:48,643
TWICE,FANCY,.mp3,2019-04-29 11:19,644
Meek Mill,Going Bad (feat. Drake),.m4a,2019-05-11 23:07,645
Logic,Homicide (Feat. Eminem),.m4a,2019-05-11 23:15,646
Jonas Brothers,Cool,.m4a,2019-05-11 23:19,647
MINO,겁 (Feat. 태양),.mp3,2019-05-15 00:57,648
"MINO, 지코",Okey Dokey,.mp3,2019-05-15 00:58,649
CHEEZE,Madeleine Love,.mp3,2019-05-16 22:03,650
CHEEZE,Mood Indigo,.mp3,2019-05-16 22:04,651
Kid Milli,IZAKAYA (Feat. Jvcki Wai),.mp3,2019-05-18 13:43,652
XXXTENTACION,Look At Me!,.m4a,2019-05-18 14:13,653
Bruno Mars,Finesse (Remix) (Feat. Cardi B),.mp3,2019-05-18 14:17,654
Ariana Grande,"thank u, next",.mp3,2019-05-22 22:46,655
Billie Eilish,when the party's over,.m4a,2019-05-22 22:52,656
BLACKPINK,Kill This Love,.m4a,2019-05-22 23:07,657
THAMA,Sing It,.mp3,2019-05-22 23:15,658
WINNER,LOVE ME LOVE ME,.m4a,2019-05-22 23:18,659
21 Savage,ball w_o you,.m4a,2019-05-22 23:29,660
one more chance,널 생각해,.mp3,2019-05-25 09:16,661
sokodomo,Freedumb (Feat. HAON) (Prod. BOYCOLD),.mp3,2019-05-25 18:58,662
5 Seconds of Summer,Easier,.m4a,2019-05-25 19:00,663
OneRepublic,Rescue Me,.m4a,2019-05-25 19:02,664
"태연, 멜로망스",Page 0,.mp3,2019-05-25 19:38,665
KATIE,Remember,.mp3,2019-05-25 19:55,666
Kid Milli,HITS,.mp3,2019-05-25 20:00,667
"Kendrick Lamar, Travis Scott",Big Shot,.mp3,2019-05-25 20:02,668
"Kendrick Lamar, The Weeknd",Pray For Me,.mp3,2019-05-25 20:06,669
"로꼬, 화사",주지마,.mp3,2019-05-25 20:17,670
Fitz and The Tantrums,HandClap,.mp3,2019-05-25 20:24,671
Chris Brown,Wobble Up (feat. Nicki Minaj & G-Eazy),.m4a,2019-05-25 20:40,672
Stormzy,Vossi Bop,.m4a,2019-05-25 20:50,673
"Lil tachi, 최진호",카모플라쥬 (Feat. Kid Milli) (Prod. Coa White),.mp3,2019-05-26 14:00,674
Ariana Grande,imagine,.m4a,2019-05-29 23:50,675
한요한,록시땅,.mp3,2019-05-29 23:54,676
Ariana Grande,NASA,.m4a,2019-05-29 23:57,677
Joyner Lucas,Ultrasound,.mp3,2019-05-30 00:02,678
SURAN,전화끊지마 (Feat. pH-1),.mp3,2019-05-30 00:12,679
릴러말즈,Trip (Feat. Hannah),.mp3,2019-06-03 20:11,680
Lil Cherry X JitoMo,ALL-YOU-CAN-EAT,.mp3,2019-06-03 22:11,681
백예린,그건 아마 우리의 잘못은 아닐 거야,.m4a,2019-06-03 22:48,682
Jeff Bernat,Groovin',.mp3,2019-06-11 23:16,683
Jeremy Zucker,comethru,.m4a,2019-06-11 23:20,684
Machine Gun Kelly,el diablo,.m4a,2019-06-11 23:32,685
PRETTYMUCH,Phases,.m4a,2019-06-11 23:43,686
기리보이,교통정리 (Feat. 헤이즈),.mp3,2019-06-11 23:48,687
Imagine Dragons,Bad Liar,.mp3,2019-06-11 23:55,688
Imagine Dragons,Stuck,.mp3,2019-06-11 23:58,689
BewhY,자화상,.mp3,2019-06-22 01:21,690
"Shawn Mendes, Camila Cabello",Señorita,.m4a,2019-06-25 22:28,691
Lil Nas X,Panini,.m4a,2019-06-25 22:42,692
(여자)아이들,Uh-Oh,.mp3,2019-06-30 15:23,693
박재범,All Day (Flex) (Feat. HAON & 염따) (Prod. By OkayJJack),.mp3,2019-07-03 15:52,694
Chris Brown,No Guidance (feat. Drake),.m4a,2019-07-04 13:34,695
기리보이,"아퍼 (Feat. Kid Milli, Lil tachi, 김승민, NO_EL, C JAMM)",.mp3,2019-07-04 13:54,696
Louis Tomlinson,Back to You (Feat. Bebe Rexha & Digital Farm Animals),.mp3,2019-07-15 20:09,697
Clean Bandit,Symphony (feat. Zara Larsson),.mp3,2019-07-15 20:12,698
Why Don't We,Come To Brazil,.m4a,2019-07-15 20:17,699
Chris Brown,Back to Love,.m4a,2019-07-15 21:36,700
FANXY CHILD,Y,.mp3,2019-08-15 23:41,701
Crush,가끔,.mp3,2019-08-15 23:49,702
"Crush, 로꼬",아마도 그건,.mp3,2019-08-15 23:56,703
"박재범, Ugly Duck",ㅎㄷㄷ (PUT`EM UP),.mp3,2019-08-16 00:00,704
DEAN,넘어와 (Feat. 백예린),.mp3,2019-08-16 00:06,705
Lil Dicky,$ave Dat Money (Feat. Fetty Wap & Rich Homie Quan),.mp3,2019-08-16 00:18,706
Daniel Caesar,Best Part (Feat. H.E.R.),.mp3,2019-08-16 00:26,707
Drake,Fake Love,.mp3,2019-08-16 00:31,708
Rich The Kid,New Freezer (Feat. Kendrick Lamar),.mp3,2019-08-16 00:34,709
용준형,빈털터리 (Feat. SURAN),.m4a,2019-08-16 00:45,710
"기리보이, 오르내림, 최엘비, 김승민",초능력,.mp3,2019-08-16 00:47,711
엔플라잉,옥탑방 (Rooftop),.mp3,2019-08-16 00:49,712
SURAN,그놈의 별 (Feat. 헤이즈),.mp3,2019-08-16 00:58,713
"Lauv, Troye Sivan",i'm so tired,.mp3,2019-08-16 01:06,714
YG,Go Loko (Feat. Tyga & Jon Z),.m4a,2019-08-16 01:09,715
Tyga,Haute (Feat. J Balvin & Chris Brown),.m4a,2019-08-16 01:15,716
Oliver Tree,Miracle Man,.m4a,2019-08-16 01:17,717
염따,돈 Call Me (Prod.BRLLNT),.mp3,2019-08-16 01:18,718
Sam Smith,I'm Not The Only One,.mp3,2019-08-16 01:21,719
SAAY,ZGZG,.mp3,2019-08-16 01:22,720
Lil Nas X,C7osure (You Like),.m4a,2019-08-16 01:28,721
Why Don't We,Big Plans,.m4a,2019-08-16 01:30,722
SAAY,CIRCLE (Feat. Tish Hyman),.mp3,2019-08-16 01:33,723
Ariana Grande,Side To Side (Feat. Nicki Minaj),.mp3,2019-08-16 01:38,724
DaniLeigh,Easy (Remix) (Feat. Chris Brown),.m4a,2019-08-16 01:52,725
Drake,God's Plan,.mp3,2019-08-17 23:58,726
Tyga,Taste (Feat. Offset),.mp3,2019-08-20 22:44,727
Ruel,Face To Face,.m4a,2019-08-24 11:43,728
"Dreamville, Earthgang, J. Cole",Sacrifices (Feat. Smino & Saba),.m4a,2019-08-28 16:35,729
Post Malone,Goodbyes (feat. Young Thug),.m4a,2019-09-02 18:11,730
"Lil tachi, 호치키스",눈,.mp3,2019-09-02 18:19,731
"스윙스, Kid Milli, 매드클라운","담아 (Feat. 염따, pH-1) (Prod. BOYCOLD)",.mp3,2019-09-02 19:18,732
G-Eazy,No Limit (feat. A$AP Rocky & Cardi B),.mp3,2019-09-02 22:58,733
Why Don't We,Hooked,.mp3,2019-09-02 23:00,734
Why Don't We,Talk,.mp3,2019-09-02 23:03,735
사이먼 도미닉,make her dance (Feat. 루피 & Crush),.mp3,2019-09-05 22:43,736
사이먼 도미닉,DAx4,.mp3,2019-09-05 22:45,737
BiG HEATH,Biggy,.mp3,2019-09-05 22:49,738
BiG HEATH,Pablo,.mp3,2019-09-05 22:52,739
Various Artists,119 REMIX,.mp3,2019-09-05 23:07,740
UPSAHL,Drugs,.mp3,2019-09-05 23:09,741
"Doja Cat, Tyga",Juicy,.m4a,2019-09-05 23:15,742
Ruel,Not Thinkin' Bout You,.m4a,2019-09-05 23:18,743
우원재,시차 (We Are) (Feat. 로꼬 & GRAY),.mp3,2019-09-08 22:30,744
"Y2K, bbno$",Lalala,.m4a,2019-09-10 22:24,745
볼빨간사춘기,"나만, 봄",.mp3,2019-09-10 22:27,746
Kid Milli,APP (Feat. 루피),.mp3,2019-09-14 21:02,747
볼빨간사춘기,별 보러 갈래_,.mp3,2019-09-14 21:04,748
5 Seconds of Summer,Teeth,.m4a,2019-09-14 21:08,749
Sik-K,"WATER (Feat. Woodie Gochild, pH-1, HAON, 박재범) (Prod. GooseBumps)",.mp3,2019-09-14 21:10,750
Ayo & Teo,Rolex,.mp3,2019-09-14 21:17,751
The Notorious B.I.G.,Hypnotize,.mp3,2019-09-17 00:58,752
DEAN,Howlin' 404,.mp3,2019-09-17 01:35,753
Eminem,The Way I Am,.mp3,2019-09-17 02:00,754
Jonas Brothers,Only Human,.m4a,2019-09-18 00:00,755
Ty Dolla $ign,Ex (feat. YG),.m4a,2019-09-18 00:21,756
Alan Walker,Faded,.mp3,2019-09-18 00:25,757
SUPERBEE,+82 Bars,.mp3,2019-09-18 00:35,758
Taylor Swift,Look What You Made Me Do,.mp3,2019-09-18 00:40,759
볼빨간사춘기,워커홀릭,.m4a,2019-09-18 01:04,760
"Ella Eyre, Banx & Ranx",Mama (feat. Kiana Ledé),.m4a,2019-09-18 01:08,761
SOLE,Slow,.mp3,2019-09-18 01:12,762
Khalid,Young Dumb & Broke,.mp3,2019-09-19 00:05,763
(여자)아이들,알고 싶어,.m4a,2019-09-23 00:35,764
Lorde,Royals,.mp3,2019-09-23 00:55,765
청하,Love U,.mp3,2019-09-23 01:16,766
Crush,눈이 마주친 순간 (I Fancy You),.mp3,2019-09-23 01:22,767
Crush,Lay Your Head On Me,.mp3,2019-09-23 01:24,768
"김범수, Dok2",Cali Shine,.mp3,2019-09-23 01:34,769
Jay-Z,Empire State Of Mind (Feat. Alicia Keys),.mp3,2019-09-23 01:40,770
Sean Paul,No Lie (Feat. Dua Lipa),.mp3,2019-09-23 01:43,771
2Pac,All Bout U,.mp3,2019-09-23 01:54,772
Sheck Wes,Mo Bamba,.mp3,2019-09-23 22:50,773
J. Cole,MIDDLE CHILD,.m4a,2019-09-24 23:40,774
21 Savage,Bank Account,.mp3,2019-09-26 19:53,775
Chris Brown,Heat (feat. Gunna),.m4a,2019-09-26 19:59,776
YG,"Big Bank (feat. 2 Chainz, Big Sean & Nicki Minaj)",.mp3,2019-09-26 20:05,777
"Khalid, Normani",Love Lies,.mp3,2019-09-26 20:25,778
LSD,"Mountains (feat. Sia, Diplo & Labrinth)",.m4a,2019-09-26 21:09,779
Bizzy,"6 Cypher (Bizzy, 최자, 개코, 박재범, Dok2, 타이거JK)",.mp3,2019-09-26 21:42,780
뉴올,"Big Item (Feat. 베이식, Kid Milli)",.mp3,2019-09-26 21:46,781
offonoff,춤,.mp3,2019-09-29 00:47,782
"Lil Nas X, Cardi B",Rodeo,.m4a,2019-09-29 01:16,783
The Quiett,"한강 gang megamix (Feat. 장석훈, 창모, Coogie, SUPERBEE, 빈지노, ZENE THE ZILLA)",.mp3,2019-09-29 01:22,784
지코,"천둥벌거숭이 (Feat. Jvcki Wai, 염따)",.mp3,2019-09-30 18:50,785
지코,사람,.mp3,2019-09-30 18:59,786
Post Malone,Enemies (feat. DaBaby),.m4a,2019-09-30 20:23,787
Kid Milli,힙합은 돈얘기말고 뭐있어 (Feat. BRADYSTREET),.mp3,2019-10-05 01:12,788
Chris Brown,Problem with You,.m4a,2019-10-07 01:12,789
Post Malone,Hollywood's Bleeding,.m4a,2019-10-17 15:15,790
Russ,Missin You Crazy,.m4a,2019-11-04 23:56,791
지코,Balloon,.mp3,2019-11-10 23:30,792
"Russ, BIA",BEST ON EARTH (feat. BIA),.m4a,2019-11-10 23:32,793
Russ,Paranoid,.m4a,2019-11-10 23:35,794
TWICE,Feel Special,.mp3,2019-11-10 23:37,795
지코,걘 아니야,.mp3,2019-11-10 23:41,796
"Yung Gravy, bbno$",Whip a Tesla,.m4a,2019-11-10 23:47,797
Post Malone,Circles,.m4a,2019-11-10 23:50,798
True Damage,"GIANTS (ft. Becky G, Keke Palmer, 소연, DUCKWRTH, Thutmose)",.m4a,2019-11-21 17:44,799
Stephen,Crossfire,.m4a,2019-11-21 19:06,800
아이유,Blueming,.mp3,2019-11-21 19:09,801
Travis Scott,HIGHEST IN THE ROOM,.m4a,2019-11-21 23:37,802
"MAX, Quinn XCII",Love Me Less,.m4a,2019-11-21 23:55,803
Halsey,Without Me,.mp3,2019-11-27 00:05,804
Halsey,Graveyard,.m4a,2019-11-27 00:10,805
Ruel,Painkiller,.m4a,2019-11-27 00:23,806
Pentatonix,I Need Your Love,.m4a,2019-11-28 19:30,807
Denzel Curry,RICKY,.m4a,2019-12-06 20:14,808
"Glass Animals, Denzel Curry",Tokyo Drifting,.m4a,2019-12-07 18:37,809
창모,더 위로,.mp3,2019-12-28 00:30,810
NLE Choppa,Camelot,.m4a,2019-12-28 00:45,811
Justin Bieber,Yummy,.m4a,2020-01-14 02:32,812
지코,another level (Feat. 페노메코),.mp3,2020-01-14 03:49,813
버벌진트,Hey VJ,.mp3,2020-01-14 04:07,814
지코,아무노래,.mp3,2020-01-15 12:49,815
Eminem,Godzilla (feat. Juice WRLD),.m4a,2020-01-19 21:43,816
Mura Masa,Love$ick (feat. A$AP Rocky),.m4a,2020-01-22 16:21,817
Camila Cabello,Liar,.m4a,2020-01-22 17:34,818
Future,Life Is Good (feat. Drake),.m4a,2020-01-25 15:27,819
Pentatonix,Daft Punk,.m4a,2020-01-28 00:42,820
야다,이미 슬픈 사랑,.mp3,2020-01-28 00:48,821
Zion.T,도도해,.mp3,2020-01-28 00:51,822
2Pac,Ambitionz Az A Ridah,.mp3,2020-01-28 00:56,823
Dr. Dre,The Next Episode (Feat. Snoop Dogg),.mp3,2020-01-28 01:03,824
SUPERBEE,"Pass the Rhyme (Feat. 창모, Dok2)",.mp3,2020-01-28 01:54,825
"DJ Snake, Lil Jon",Turn Down For What,.mp3,2020-01-30 17:37,826
DPR LIVE,Text Me,.mp3,2020-01-30 18:10,827
Kanye West,God Is,.m4a,2020-01-30 18:15,828
10CM,매트리스,.mp3,2020-01-30 18:19,829
NLE Choppa,Shotta Flow,.m4a,2020-01-30 18:43,830
SOLE,RIDE (Feat. THAMA),.mp3,2020-02-06 02:23,831
Crush,나빠(NAPPA),.mp3,2020-02-06 02:25,832
Dr. Dre,Still D.R.E. (feat. Snoop Dogg),.m4a,2020-02-06 02:27,833
지코,Dystopia,.mp3,2020-02-06 02:29,834
Roddy Ricch,The Box,.m4a,2020-02-06 15:25,835
Justin Bieber,Forever (feat. Post Malone & Clever),.mp3,2020-02-18 02:12,836
Justin Bieber,Running Over (feat. Lil Dicky),.mp3,2020-02-18 02:13,837
Justin Bieber,E.T.A,.mp3,2020-02-18 02:14,838
Justin Bieber,That's What Love Is,.mp3,2020-02-18 02:14,839
Drake,War,.mp3,2020-02-18 02:19,840
JACKBOYS,OUT WEST (feat. Young Thug),.m4a,2020-02-18 02:24,841
DaBaby,VIBEZ,.m4a,2020-02-18 02:28,842
DaBaby,BOP,.m4a,2020-02-18 02:37,843
(여자)아이들,싫다고 말해,.m4a,2020-02-18 02:42,844
Thutmose,Ride with Me,.m4a,2020-02-18 02:45,845
Colde,Your Dog Loves You (Feat. Crush),.mp3,2020-02-18 03:08,846
Chris Brown,Indigo,.m4a,2020-02-18 03:17,847
Jay Rock,Wow Freestyle (Feat. Kendrick Lamar),.mp3,2020-02-18 03:29,848
5 Seconds of Summer,Old Me,.m4a,2020-02-21 21:53,849
ARTAN,Anything,.mp3,2020-02-21 22:55,850
Dua Lipa,Don't Start Now,.m4a,2020-02-24 01:32,851
기리보이,예술,.mp3,2020-02-24 01:42,852
Powfu,Death Bed (feat. beabadoobee),.m4a,2020-02-29 23:46,853
ARTAN,Falling,.mp3,2020-02-29 23:50,854
ARTAN,Profits And Losses,.mp3,2020-02-29 23:53,855
Ciara,Level Up,.m4a,2020-02-29 23:55,856
지코,One-man show (Feat. Sik-K),.mp3,2020-02-29 23:58,857
2NE1,I Don't Care,.m4a,2020-03-01 04:19,858
Bad Bunny,Si Veo a Tu Mamá,.m4a,2020-03-07 21:56,859
BiG HEATH,Role Models,.mp3,2020-03-14 21:07,860
백예린,Dear my blue,.m4a,2020-03-19 19:28,861
백예린,Our love is great,.m4a,2020-03-19 19:29,862
백예린,내가 날 모르는 것처럼 (Feat. 카더가든),.m4a,2020-03-19 19:29,863
백예린,야간비행 (魔女の花),.m4a,2020-03-19 19:29,864
백예린,지켜줄게,.m4a,2020-03-19 19:30,865
ARTAN,No Sleeping,.mp3,2020-03-24 00:47,866
Kid Milli,Family business (Feat. 스윙스),.mp3,2020-03-24 03:10,867
개코,Vacation (Feat. SOLE),.mp3,2020-03-24 03:13,868
Dvwn,기억소각 (Feat. 기리보이),.mp3,2020-03-24 03:17,869
볼빨간사춘기,나들이 갈까,.mp3,2020-03-24 03:19,870
기리보이,하루종일 (Band Ver.),.mp3,2020-03-24 03:31,871
Dababy,"GOSPEL (feat. Chance the Rapper, Gucci Mane & YK Osiris)",.m4a,2020-03-24 03:43,872
방탄소년단,Black Swan,.mp3,2020-03-24 04:29,873
ARTAN,Whym I High,.mp3,2020-03-31 23:43,874
코드 쿤스트,"JOKE! (Feat. C JAMM, 사이먼 도미닉)",.mp3,2020-03-31 23:50,875
The Weeknd,Blinding Lights,.m4a,2020-04-01 00:00,876
Justin Bieber,Intentions (Acoustic),.m4a,2020-04-01 00:26,877
(여자)아이들,Oh my god,.mp3,2020-04-19 01:43,878
릴러말즈,TRUE (Feat. 빈지노) (Prod. Way Ched),.mp3,2020-04-19 01:49,879
Dua Lipa,Break My Heart,.m4a,2020-04-19 01:56,880
Jackson Wang,100 Ways,.m4a,2020-04-19 02:01,881
Migos,Walk It Talk It (Feat. Drake),.mp3,2020-04-19 02:36,882
"Cosmo's Midnight, Ruel",Down for You,.m4a,2020-05-14 03:15,883
Ruel,Real Thing,.m4a,2020-05-14 03:21,884
Camila Cabello,My Oh My (feat. DaBaby),.m4a,2020-05-26 02:28,885
"Chris Brown, Young Thug",I Got Time (feat. Shad Da God),.m4a,2020-05-26 02:29,886
"Chris Brown, Young Thug",Say You Love Me,.m4a,2020-05-26 02:33,887
Travis Scott,WAKE UP,.m4a,2020-05-28 01:22,888
DJ Khaled,"Jealous (feat. Chris Brown, Lil Wayne & Big Sean)",.m4a,2020-05-28 01:25,889
Eric Bellinger,Type a Way (feat. Chris Brown & OG Parker),.m4a,2020-05-28 01:29,890
"염따, 딥플로우, 팔로알토, The Quiett, 사이먼 도미닉",중2병,.mp3,2020-05-28 02:45,891
offonoff,"Cigarette (feat. 타블로, MISO)",.mp3,2020-05-28 03:03,892
Lauv,Paris in the Rain,.m4a,2020-05-28 03:07,893
Red Velvet,Psycho,.mp3,2020-05-29 23:24,894
"Jvcki Wai, Coogie, 팔로알토, The Quiett, 뱃사공",Fadeaway,.mp3,2020-06-02 01:21,895
ROSALÍA,A Palé,.m4a,2020-06-02 01:34,896
Sik-K,party (SHUT DOWN) (feat. Crush),.mp3,2020-06-02 01:40,897
Meek Mill,R.I.C.O. (feat. Drake),.mp3,2020-06-02 01:43,898
"Summer Walker, London On Da Track, Chris Brown",Something Real,.m4a,2020-06-02 01:50,899
Chris Brown,Party (feat. Usher & Gucci Mane),.m4a,2020-06-02 01:54,900
Chris Brown,Don't Check On Me (feat. Justin Bieber & Ink),.m4a,2020-06-02 02:00,901
NO_EL,지구 (Prod. By dnss) (Feat. Benzamin),.mp3,2020-06-02 02:05,902
Dvwn,마지막,.mp3,2020-06-11 20:59,903
2NE1,아파 (Slow),.mp3,2020-06-15 01:43,904
"BewhY, Son Simba",힘,.mp3,2020-06-16 22:10,905
BewhY,가라사대,.mp3,2020-06-16 22:26,906
Justin Bieber,Changes,.mp3,2020-06-23 23:48,907
Mike Posner,I Took a Pill In Ibiza,.m4a,2020-06-24 00:41,908
폴킴,"모든 날, 모든 순간 (Every day, Every Moment)",.mp3,2020-06-24 00:52,909
Grace VanderWaal,Sick Of Being Told,.mp3,2020-06-24 00:58,910
Justin Bieber,Baby (Feat. Ludacris),.mp3,2020-06-24 01:02,911
로꼬,오랜만이야 (Feat. Zion.T),.mp3,2020-06-24 01:05,912
BIGBANG,BLUE,.mp3,2020-06-24 01:14,913
박재범,All The Way Up (K),.mp3,2020-06-25 15:27,914
SUMIN+Zion.T,더럽게,.mp3,2020-06-25 15:31,915
pH-1,"Malibu (Feat. The Quiett, Mokyo) (Prod. Mokyo)",.mp3,2020-06-25 15:35,916
Future,Solitaires (feat. Travis Scott),.m4a,2020-06-25 15:39,917
염따,좋아한다니까,.mp3,2020-06-25 15:42,918
Lauv,"fuck, i'm lonely (feat. Anne-Marie)",.mp3,2020-06-25 15:49,919
Arizona Zervas,Roxanne,.m4a,2020-06-26 00:30,920
Charlie Puth,Girlfriend,.m4a,2020-06-30 13:56,921
BLACKPINK,How You Like That,.m4a,2020-06-30 13:58,922
지코,Summer Hate (Feat. 비),.mp3,2020-07-01 22:40,923
SUMIN,MEOW,.mp3,2020-07-02 02:19,924
SUMIN,SHAKER,.mp3,2020-07-02 02:19,925
Kanye West,Closed on Sunday,.m4a,2020-07-07 03:04,926
"Juice WRLD, Marshmello",Come & Go,.m4a,2020-07-15 15:51,927
Future,Mask Off (Remix) (feat. Kendrick Lamar),.mp3,2020-07-15 16:00,928
A$AP Rocky,Praise The Lord (Da Shine) (Feat. Skepta),.mp3,2020-07-15 16:05,929
Young Thug,Hot (Remix) [feat. Gunna and Travis Scott],.m4a,2020-07-15 16:07,930
Machine Gun Kelly,Hollywood Whore,.m4a,2020-07-15 16:10,931
Kanye West,Wash Us in the Blood (feat. Travis Scott),.m4a,2020-07-15 16:18,932
"Ariana Grande, Justin Bieber",Stuck with U,.m4a,2020-07-15 16:21,933
sad alex,mess without u,.mp3,2020-07-15 16:35,934
Charlie Puth,Cheating on You,.m4a,2020-07-19 17:05,935
"Offset, Metro Boomin",Ric Flair Drip,.mp3,2020-07-19 17:08,936
Selena Gomez,Lose You to Love Me,.m4a,2020-07-19 17:34,937
Juice WRLD,Lucid Dreams,.m4a,2020-07-19 17:36,938
창모,METEOR,.mp3,2020-07-19 18:00,939
Zara Larsson,Love Me Land,.m4a,2020-07-29 01:01,940
Jason Derulo,Get Ugly,.m4a,2020-08-03 14:49,941
DJ Khaled,GREECE (feat. Drake),.m4a,2020-08-04 13:48,942
"라이노, MELOH",HELLP,.mp3,2020-08-04 13:52,943
"Jacquees, Chris Brown",Put in Work,.m4a,2020-08-04 14:33,944
(여자)아이들,덤디덤디 (DUMDi DUMDi),.m4a,2020-08-08 20:28,945
방탄소년단,낙원,.m4a,2020-08-09 01:56,946
릴러말즈,"야망 (Feat. ASH ISLAND, 김효은, Hash Swan, 창모) (Prod. TOIL)",.mp3,2020-08-09 02:00,947
Charli XCX,claws,.m4a,2020-08-09 02:09,948
Jeremih,oui,.mp3,2020-08-10 22:46,949
Halsey,Finally __ beautiful stranger,.m4a,2020-08-10 23:03,950
방탄소년단,Love Maze,.m4a,2020-08-14 01:09,951
DAY6,마라톤,.m4a,2020-08-14 01:13,952
Travis Scott,YOSEMITE,.m4a,2020-08-25 02:34,953
Dual Core,All The Things,.mp3,2020-08-25 21:58,954
2NE1,Lonely,.mp3,2020-08-25 22:05,955
방탄소년단,Dynamite,.m4a,2020-08-25 22:11,956
지코,Roommate,.mp3,2020-08-27 00:12,957
BIGBANG,거짓말,.mp3,2020-08-27 00:17,958
Chris Brown,Privacy,.m4a,2020-08-27 00:19,959
루피,GEAR 2020,.mp3,2020-08-28 00:10,960
Cardi B,WAP (feat. Megan Thee Stallion),.m4a,2020-09-08 12:25,961
Jack Harlow,"WHATS POPPIN (Remix) [feat. DaBaby, Tory Lanez & Lil Wayne]",.m4a,2020-09-11 01:36,962
오마이걸,Dolphin,.m4a,2020-09-11 02:54,963
"BewhY, Son Simba","어디로 (Feat. C JAMM, Jvcki Wai)",.mp3,2020-09-11 03:01,964
offonoff,gold (feat. DEAN),.m4a,2020-09-11 03:05,965
"BewhY, Son Simba",David N Elijah,.mp3,2020-09-11 03:08,966
"Headie One, Drake",Only You Freestyle,.m4a,2020-09-11 03:15,967
Chris Brown,Zero,.m4a,2020-09-14 02:50,968
"Chris Brown, Young Thug",Go Crazy,.m4a,2020-09-14 02:53,969
HAON,"NOAH (Feat. 박재범, Hoody)",.mp3,2020-10-03 15:06,970
Famous Dex,PICK IT UP (feat. A$AP Rocky),.m4a,2020-10-08 02:06,971
DJ Khaled,POPSTAR (feat. Drake),.m4a,2020-10-08 02:15,972
Drake,Laugh Now Cry Later (feat. Lil Durk),.m4a,2020-10-08 02:18,973
"DEAN, Rad Museum, Mokyo",숨,.mp3,2020-10-08 02:23,974
Justin Bieber,Holy (feat. Chance the Rapper),.m4a,2020-10-08 02:26,975
Chris Brown,Come Together (feat. H.E.R.),.m4a,2020-10-08 02:29,976
Headie One,Both,.m4a,2020-10-08 02:35,977
SOMDEF,Insomniac (Feat. Kid Milli),.mp3,2020-10-08 02:52,978
Bazzi,I.F.L.Y.,.m4a,2020-10-08 02:55,979
Famous Dex,JAPAN,.m4a,2020-10-08 14:33,980
"Jawsh 685, Jason Derulo",Savage Love (Laxed - Siren Beat),.m4a,2020-10-13 19:15,981
"Justin Bieber, benny blanco",Lonely,.m4a,2020-10-22 02:01,982
Anderson .Paak,CUT EM IN (feat. Rick Ross),.m4a,2020-10-22 02:04,983
The Notorious B.I.G.,Gimme The Loot,.mp3,2020-10-22 02:09,984
The Notorious B.I.G.,Juicy,.mp3,2020-10-22 02:11,985
Chris Brown,Kiss Kiss (feat. T-Pain),.mp3,2020-10-22 21:24,986
ARTAN,Old Me,.mp3,2020-10-29 00:27,987
"Kane Brown, Swae Lee, Khalid",Be Like That,.m4a,2020-10-29 00:35,988
BewhY,중2병 (Feat. C JAMM),.mp3,2020-10-29 01:00,989
JAMIE,Stay Beautiful,.mp3,2020-10-29 01:00,990
K_DA,"MORE (ft. (여자)아이들, Madison Beer, Lexie Liu, Jaira Burns, 세라핀)",.m4a,2020-10-29 16:03,991
지코,웬수 (Feat. BIBI),.mp3,2020-11-08 01:55,992
Giveon,THE BEACH,.m4a,2020-11-08 02:01,993
Dreamville,"Down Bad (Feat. JID, Bas, J. Cole, EARTHGANG & Young Nudy)",.m4a,2020-11-08 02:17,994
"Dreamville, J. Cole, Lute",Under The Sun (Feat. Dababy),.m4a,2020-11-08 02:21,995
Ariana Grande,positions,.m4a,2020-11-15 11:42,996
Lil Nas X,HOLIDAY,.m4a,2020-11-16 00:38,997
"스윙스, 맥대디, Khakii, 래원",원해 (Feat. 팔로알토) (Prod. 코드 쿤스트),.mp3,2020-12-05 12:54,998
미란이,"Achoo (Feat. pH-1, HAON) (Prod. GroovyRoom)",.mp3,2020-12-06 10:05,999
원슈타인,적외선 카메라,.mp3,2020-12-06 10:10,1000
릴보이,"내일이 오면 (Feat. 기리보이, BIG Naughty)",.mp3,2020-12-06 10:16,1001
Ty Dolla $ign,Spicy (feat. Post Malone),.m4a,2020-12-06 10:31,1002
Khundi Panda,뿌리 (Feat. JUSTHIS) (Prod. GroovyRoom),.mp3,2020-12-12 11:10,1003
Oliver Tree,Bury Me Alive,.m4a,2020-12-15 01:33,1004
Glass Animals,Heat Waves,.m4a,2020-12-15 01:46,1005
MELOH,SMILE (Feat. 보이비) (Prod. WOOGIE),.mp3,2020-12-15 01:49,1006
Lil Tecca,Ransom,.m4a,2020-12-15 01:51,1007
"릴보이, 원슈타인, Chillin Homie",Freak (Prod. Slom) (Live ver.),.m4a,2020-12-15 02:25,1008
UPSAHL,12345SEX,.m4a,2020-12-15 20:05,1009
김성규,I'm Cold,.mp3,2020-12-15 21:14,1010
"안병웅, Khakii, 맥대디, 먼치맨","뉴뉴 (New New) (Prod. GroovyRoom, MISU)",.mp3,2020-12-20 02:39,1011
f(x),4 Walls,.m4a,2020-12-22 23:21,1012
원슈타인,GOAT ft.버벌진트,.mp3,2020-12-22 23:23,1013
Red Velvet,LP,.mp3,2020-12-22 23:26,1014
릴보이,"ON AIR (Feat. 로꼬, 박재범 & GRAY)",.mp3,2020-12-22 23:28,1015
원슈타인,"세상에 나쁜 개는 없다 (Feat. YDG, Zion.T) (Prod. Slom)",.mp3,2020-12-27 00:21,1016
뱃사공,한번인생 2 live,.mp3,2020-12-29 01:57,1017
릴보이,"CREDIT (Feat. 염따, 기리보이, Zion.T)",.mp3,2020-12-30 23:10,1018
"Earth, Wind & Fire",September,.m4a,2021-01-11 01:44,1019
Fisherman,사이 (feat. SUMIN),.mp3,2021-01-11 14:37,1020
BENEE,Find an Island,.m4a,2021-01-14 01:28,1021
bbno$,slop,.m4a,2021-01-14 01:32,1022
볼빨간사춘기,카운슬링,.mp3,2021-01-14 01:36,1023
(여자)아이들,화(火花),.m4a,2021-01-19 14:23,1024
스윙스,악역 (Feat. 이하이 & 사이먼 도미닉) (Prod. 코드 쿤스트),.mp3,2021-01-19 15:48,1025
빈지노,Nike Shoes (Feat. 다이나믹 듀오),.mp3,2021-01-22 02:02,1026
넉살,추락 (Feat. DeVita),.mp3,2021-01-22 02:05,1027
원슈타인,X (Butterfly),.mp3,2021-01-22 02:07,1028
에픽하이,"Rosario (Feat. CL, 지코)",.mp3,2021-01-22 23:56,1029
Mist,So High (feat. Fredo),.mp3,2021-01-23 00:29,1030
뱃사공,LET IT FLOW,.mp3,2021-02-09 02:03,1031
"머쉬베놈, JUSTHIS",옜다 (Take It) (Prod. GroovyRoom),.mp3,2021-02-21 20:30,1032
The Quiett,BENTLEY 2 (Feat. 염따),.mp3,2021-02-21 23:28,1033
M.C the MAX,어디에도,.mp3,2021-03-08 23:58,1034
비,나로 바꾸자 (duet with 박진영),.mp3,2021-03-09 00:06,1035
Lil Mosey,Blueberry Faygo,.mp3,2021-03-09 00:08,1036
"릴보이, 원슈타인",FRIENDS (Prod. Slom),.mp3,2021-03-12 13:15,1037
ASH ISLAND,멜로디,.mp3,2021-03-16 01:01,1038
ASH ISLAND,그랑프리 (Feat. 빈지노),.mp3,2021-03-16 01:02,1039
ECÂF,Pictures,.mp3,2021-03-18 17:15,1040
Powfu,Blue Waves,.mp3,2021-03-18 17:35,1041
Yonezu Kenshi (米津玄師),Lemon,.mp3,2021-03-18 17:40,1042
"창모, Hash Swan, ASH ISLAND, 김효은",BAND,.mp3,2021-03-18 17:43,1043
백예린,가끔 (Cover),.mp3,2021-03-18 17:49,1044
Justin Bieber,Hold On,.m4a,2021-03-21 01:08,1045
Dua Lipa,Levitating (feat. DaBaby),.mp3,2021-03-21 01:23,1046
Justin Bieber,Peaches (feat. Daniel Caesar & Giveon),.m4a,2021-03-24 20:42,1047
"Bruno Mars, Anderson .Paak & Silk Sonic",Leave The Door Open,.m4a,2021-03-25 02:55,1048
salem ilese,Mad at Disney,.mp3,2021-04-29 21:19,1049
Anne-Marie,Problems,.m4a,2021-05-10 00:13,1050
Ellie Goulding,Slow Grenade (feat. Lauv),.m4a,2021-05-10 00:15,1051
Justin Bieber,Off My Face,.m4a,2021-05-10 00:18,1052
창모,Holy God,.mp3,2021-05-10 00:25,1053
sokodomo,MM feat. 박재범 (prod.sesåme),.mp3,2021-05-15 01:47,1054
박재범,곁에 있어주길 (STAY WITH ME),.mp3,2021-05-22 11:33,1055
DPR IAN,No Blueberries (feat. DPR LIVE & CL),.mp3,2021-05-22 11:37,1056
Lil Nas X,SUN GOES DOWN,.m4a,2021-05-31 02:49,1057
Way Ched,"EVERYTHING (Feat. 창모, Coogie, ASH ISLAND & BIBI)",.mp3,2021-06-08 20:43,1058
sokodomo,지구멸망 (Feat. KIRIN) (Prod. GroovyRoom),.mp3,2021-06-09 04:19,1059
ZENE THE ZILLA,뜨거워 완전 Totally Hot (Feat. Don Mills),.mp3,2021-06-10 02:38,1060
ZENE THE ZILLA,ITX (Feat. 창모),.mp3,2021-06-10 02:41,1061
Wale,Angles (feat. Chris Brown),.m4a,2021-06-27 22:32,1062
"릴보이, 원슈타인, 미란이",HEAT,.mp3,2021-06-27 22:37,1063
TWICE,Alcohol-Free,.mp3,2021-06-27 22:40,1064
Doja Cat,Payday (feat. Young Thug),.m4a,2021-06-27 22:49,1065
원슈타인,캥거루,.mp3,2021-06-27 22:52,1066
"Doja Cat, The Weeknd",You Right,.m4a,2021-06-27 22:55,1067
Cardi B,Up,.m4a,2021-06-27 23:02,1068
"Kid Milli, dress",Blow,.mp3,2021-06-27 23:05,1069
페노메코,You Up,.mp3,2021-06-27 23:12,1070
페노메코,Better (Feat. Kid Milli),.mp3,2021-06-27 23:14,1071
페노메코,Hotel Lobby (Feat. 버벌진트),.mp3,2021-06-27 23:14,1072
Giveon,HEARTBREAK ANNIVERSARY,.mp3,2021-06-27 23:27,1073
Christopher,Bad,.m4a,2021-06-27 23:32,1074
SOLE,LOVIN' U (feat. pH-1),.mp3,2021-06-27 23:35,1075
Zara Larsson,Talk About Love (feat. Young Thug),.m4a,2021-06-27 23:45,1076
J. Cole,p r i d e . i s . t h e . d e v i l,.m4a,2021-07-10 19:27,1077
J. Cole,a m a r i,.m4a,2021-07-10 19:30,1078
Coogie,뭐 (Feat. 원슈타인),.mp3,2021-07-10 19:34,1079
"The Kid LAROI, Justin Bieber",Stay,.m4a,2021-07-15 21:02,1080
Lil Nas X,INDUSTRY BABY,.m4a,2021-07-26 10:39,1081
Post Malone,Motley Crew,.m4a,2021-08-03 12:52,1082
Migos,Taco Tuesday,.m4a,2021-09-04 21:48,1083
BewhY,Celebration,.mp3,2021-09-04 21:55,1084
"Bruno Mars, Anderson .Paak & Silk Sonic",Skate,.m4a,2021-09-04 21:59,1085
Mac Miller,Circles,.mp3,2021-09-04 22:02,1086
Ariana Grande,34+35,.m4a,2021-09-04 22:04,1087
Glass Animals,Your Love (Déjà Vu),.m4a,2021-09-04 22:06,1088
Mac Miller,My Favorite Part (feat. Ariana Grande),.m4a,2021-09-04 22:09,1089
Tom Misch,Disco Yes (feat. Poppy Ajudha),.mp3,2021-09-04 22:17,1090
코드 쿤스트,"F(ucked up) (Feat. 개코, GRAY)",.mp3,2021-09-04 22:22,1091
뱃사공,"RHYME ON MY MIND (Feat. 박재범, 제이통)",.mp3,2021-09-04 22:25,1092
아이유,돌림노래 (Feat. DEAN),.mp3,2021-09-11 01:34,1093
"The Kid LAROI, Juice WRLD",GO,.m4a,2021-09-11 02:07,1094
호미들,"사이렌 Remix (Feat. UNEDUCATED KID, Paul Blanco)",.mp3,2021-09-12 02:19,1095
방탄소년단,Butter,.m4a,2021-09-14 01:55,1096
Imagine Dragons,Lonely,.m4a,2021-09-23 02:16,1097
John K,parachute,.m4a,2021-09-23 02:19,1098
Bazzi,I Like That,.m4a,2021-09-23 02:20,1099
The Kid LAROI,ALWAYS DO,.m4a,2021-09-23 02:29,1100
The Kid LAROI,WITHOUT YOU,.m4a,2021-09-23 02:29,1101
The Kid LAROI,WRONG (feat. Lil Mosey),.m4a,2021-09-23 02:29,1102
J. Cole,1 0 0 . m i l ‘,.m4a,2021-09-23 02:33,1103
"Tate McRae, Khalid",working,.m4a,2021-09-23 02:36,1104
"쌔끈보이즈 (박재범, Don Mills, 로꼬, 넉살)",궁금해 (Prod. GRAY),.mp3,2021-09-30 00:48,1105
래원,"Yay (Feat. 이영지, JAMIE & 팔로알토) (Prod. 코드 쿤스트)",.mp3,2021-10-11 23:47,1106
Ariana Grande,my hair,.m4a,2021-10-11 23:52,1107
"Internet Money, Gunna, Don Toliver",Lemonade (feat. NAV),.mp3,2021-10-12 00:00,1108
10CM,폰서트,.mp3,2021-10-12 17:58,1109
이무진,신호등,.mp3,2021-10-12 18:01,1110
방탄소년단,Permission to Dance,.mp3,2021-10-12 18:06,1111
Lil Nas X,MONTERO (Call Me By Your Name),.m4a,2021-10-12 18:21,1112
PATEKO,"Rainy day (Feat. ASH ISLAND, Skinny Brown)",.mp3,2021-10-16 21:02,1113
Way Ched,"Why do u say (Feat. 문수진, ASH ISLAND)",.mp3,2021-10-16 22:42,1114
"BOYCOLD, 1MILLION",Cruise (Feat. Coogie),.mp3,2021-10-16 22:44,1115
pH-1,365&7 (Feat. JAMIE),.mp3,2021-10-16 22:48,1116
Roddy Ricch,Late At Night,.m4a,2021-10-28 00:34,1117
Saweetie,Best Friend (feat. Doja Cat),.m4a,2021-10-28 00:56,1118
10CM,pet,.mp3,2021-10-28 00:59,1119
"박재범, YLN Foreign, D.Ark, 365LIT, pH-1, 릴보이, 이영지, Ourealgoat, Choo, OSUN",DNA Remix,.mp3,2021-10-28 01:10,1120
24kGoldn,Coco (feat. DaBaby),.m4a,2021-10-28 01:14,1121
"Polo G, Lil Wayne",GANG GANG,.m4a,2021-11-11 00:10,1122
Polo G,Party Lyfe (feat. DaBaby),.m4a,2021-11-11 00:13,1123
"아넌딜라이트, unofficialboyy, BE'O, 지구인, Mudd the student",쉬어 (Feat. MINO) (Prod. GRAY),.mp3,2021-11-11 00:17,1124
태연,Weekend,.mp3,2021-11-11 00:20,1125
PATEKO,Pray On Sunday,.mp3,2021-11-11 00:23,1126
릴러말즈 & TOIL,GONE (Feat. 팔로알토),.mp3,2021-11-11 00:25,1127
에픽하이,비 오는 날 듣기 좋은 노래 (Feat. Colde),.mp3,2021-11-11 00:29,1128
SOLE,왜 (Feat. 개코),.mp3,2021-11-11 00:32,1129
마미손,사랑은(Feat.원슈타인),.mp3,2021-11-11 00:34,1130
Kanye West,Pure Souls,.m4a,2021-11-11 00:56,1131
"개코, Ourealgoat, SINCE, 안병웅, Tabber, 조광일",Wake Up (Prod. 코드 쿤스트),.mp3,2021-11-15 16:12,1132
창모,Hyperstar,.mp3,2021-11-15 16:15,1133
창모,Beretta (Feat. 안다영),.mp3,2021-11-15 16:17,1134
"Neiked, Mae Muller, Polo G",Better Days,.m4a,2021-11-15 16:22,1135
"Imagine Dragons, JID",Enemy,.mp3,2021-11-15 16:42,1136
sokodomo,"회전목마 (Feat. Zion.T, 원슈타인) (Prod. Slom)",.mp3,2021-11-16 13:35,1137
"JUSTHIS, Jvcki Wai, Kid Milli, 양홍원",180409,.mp3,2021-11-16 13:39,1138
"기리보이, NO_EL, 블랙넛, 양홍원, Osshun Gum, YUNHWAY, JUSTHIS, Jvcki Wai, Kid Milli, 한요한, 스윙스",IMJMWDP,.mp3,2021-11-16 13:47,1139
"SINCE, Tabber","Reset (Feat. 개코, Kid Milli) (Prod. 코드 쿤스트)",.mp3,2021-11-28 23:13,1140
"지구인, 아넌딜라이트",새로고침 (Feat. GRAY),.mp3,2021-11-28 23:16,1141
베이식,만남은 쉽고 이별은 어려워 (Feat. 릴러말즈) (Prod. TOIL),.mp3,2021-11-28 23:18,1142
sokodomo,"BE ! (Feat. 팔로알토, 릴보이) (Prod. PEEJAY & Slom)",.mp3,2021-11-28 23:29,1143
"릴보이, TAKEWON, DON MALIK, JUSTHIS",Bad News Cypher vol.1 - vv2 remix,.m4a,2021-11-28 23:30,1144
Bazzi,Focus (feat. 21 Savage),.m4a,2021-11-28 23:37,1145
Drake,Passionfruit,.mp3,2021-11-28 23:41,1146
Doja Cat,Say So,.m4a,2021-11-28 23:44,1147
nafla,run! (feat. JUSTHIS),.mp3,2021-11-29 00:07,1148
Adele,Easy On Me,.m4a,2021-12-06 14:12,1149
SUMIN & Slom,어떻게 될 것 같애,.mp3,2021-12-06 14:12,1150
sokodomo,GO HOME feat.LáPamasaka (prod.sesåme),.mp3,2021-12-06 14:45,1151
BE'O,지나고 보면 (Feat. 화사 & MINO) (Prod. GRAY),.mp3,2021-12-07 01:05,1152
AKMU,낙하 (With 아이유),.mp3,2021-12-11 23:55,1153
"개코, 창모, Don Mills, 로스, DeVita, SOLE, SINCE, BE'O",B.O.T.B. (Prod. GRAY),.mp3,2021-12-13 19:57,1154
"팔로알토, 기리보이, 다이나믹 듀오, JUSTHIS, 릴보이, DJ Wegun","+82 (Prod. 다이나믹 듀오, THAMA)",.mp3,2021-12-13 20:00,1155
"박재범, 박현진, JMIN, BIG Naughty, pH-1, TRADE L, Woodie Gochild, JAY B",LOTUS (H1GHR Remix),.m4a,2021-12-13 20:11,1156
BE'O,Counting Stars (Feat. 빈지노),.mp3,2021-12-13 20:13,1157
긱스,Officially Missing You,.mp3,2021-12-13 20:56,1158
FTISLAND,말이 안 돼 (Unthinkable),.mp3,2021-12-14 03:44,1159
BewhY,Waltz (Re-mastered),.mp3,2021-12-14 03:48,1160
기리보이,"내일은 없다 (Feat. 릴보이, nafla)",.mp3,2021-12-14 04:41,1161
Ed Sheeran,Shivers,.m4a,2021-12-29 01:19,1162
BE'O,문득,.mp3,2021-12-29 01:21,1163
BE'O,네가 없는 밤 (Feat. ASH ISLAND) (Prod. GRAY),.mp3,2021-12-29 01:37,1164
MINO,탕!♡,.mp3,2021-12-30 15:32,1165
Blxst,Be Alone,.m4a,2022-01-03 23:19,1166
Blxst,Forever Humble,.m4a,2022-01-03 23:19,1167
Blxst,No Love Lost,.m4a,2022-01-03 23:20,1168
Blxst,Pressure,.m4a,2022-01-03 23:20,1169
Blxst,Hurt,.m4a,2022-01-03 23:21,1170
Blxst,Overrated,.m4a,2022-01-03 23:21,1171
"Blxst, Tyga",Chosen (feat. Ty Dolla $ign),.m4a,2022-01-03 23:21,1172
Doja Cat,Kiss Me More (feat. SZA),.mp3,2022-01-03 23:23,1173
BOBBY,꽐라,.mp3,2022-01-07 05:27,1174
"Lil Tjay, 6LACK",Calling My Phone,.m4a,2022-01-11 11:31,1175
"Blxst, Russ",Fck Boys,.mp3,2022-01-12 23:14,1176
Yung Bleu,You're Mines Still (feat. Drake),.m4a,2022-01-12 23:16,1177
Wale,BGM,.m4a,2022-01-15 05:58,1178
Deno,Heathrow,.mp3,2022-01-15 06:02,1179
YK Osiris,Applying Pressure (Feat. Snoop Dogg),.m4a,2022-01-19 02:05,1180
"Blxst, Snoop Dogg",Go To War,.m4a,2022-01-23 00:41,1181
Chris Brown,Iffy,.m4a,2022-01-23 01:04,1182
"Eric Bellinger, Snoop Dogg, Usher",New Oldie,.m4a,2022-01-23 01:24,1183
"MOUNT WESTMORE, Snoop Dogg, Ice Cube, E-40, Too $hort",Big Subwoofer,.m4a,2022-01-23 01:24,1184
The Weeknd,Take My Breath,.m4a,2022-02-07 16:29,1185
Charlie Puth,Light Switch,.m4a,2022-02-07 16:37,1186
Blxst,Can I (feat. Eric Bellinger),.mp3,2022-02-07 16:50,1187
Blxst,About You,.m4a,2022-02-07 16:52,1188
SUMIN & Slom,곤란한 노래,.mp3,2022-02-07 16:58,1189
Mura Masa,What If I Go_ (feat. Bonzai),.m4a,2022-02-07 17:09,1190
"Mura Masa, NAO",Complicated,.m4a,2022-02-07 17:13,1191
지코,남겨짐에 대해 (Feat. Dvwn),.mp3,2022-02-08 00:53,1192
"Fabolous, Dave East",Make Some Money (feat. Snoop Dogg),.m4a,2022-03-10 22:41,1193
Malaya,Anxiety,.m4a,2022-03-10 22:44,1194
JANE HANDCOCK,Like My Weed,.m4a,2022-03-10 22:47,1195
Adele,Make You Feel My Love,.mp3,2022-03-10 22:50,1196
Valley,Oh shit…are we in love_,.m4a,2022-03-10 22:52,1197
Valley,Like 1999,.m4a,2022-03-10 22:54,1198
Blxst,Falling,.mp3,2022-03-11 11:32,1199
HONNE,I'M BLESSED,.m4a,2022-03-11 11:35,1200
Ed Sheeran,The Joker And The Queen,.m4a,2022-03-11 13:19,1201
John K,6 months,.m4a,2022-03-11 13:27,1202
"Fudasca, Jomie, Snøw",what a nice day to run away (feat. Resident),.m4a,2022-03-11 13:32,1203
Blxst,Got It All (feat. Dom Kennedy),.m4a,2022-03-11 13:36,1204
HONNE,3am,.mp3,2022-03-11 13:38,1205
JID,Surround Sound (feat. 21 Savage & Baby Tate),.mp3,2022-03-11 13:44,1206
Kid Milli,Levitate,.mp3,2022-03-11 13:47,1207
Kid Milli,DSF (Feat. Sik-K),.mp3,2022-03-11 13:53,1208
Juice WRLD,Robbery,.m4a,2022-03-11 13:58,1209
Tyga,Goddamn,.m4a,2022-03-11 14:01,1210
코드 쿤스트,"꽃 (flower) (Feat. 박재범, 우원재, 기리보이)",.mp3,2022-03-14 20:29,1211
박재범,GANADARA (Feat. 아이유),.mp3,2022-03-14 20:48,1212
"Summer Walker, SZA",No Love,.mp3,2022-03-31 01:41,1213
SOLE,곁에 있어줘 (Feat. 원슈타인),.mp3,2022-03-31 01:43,1214
Kid Milli,Summer (Feat. 박재범),.mp3,2022-03-31 01:46,1215
Daniel Caesar,Blessed,.m4a,2022-03-31 01:48,1216
Blxst,Wrong or Right,.m4a,2022-03-31 01:51,1217
Blxst,Just Say'n,.m4a,2022-03-31 01:53,1218
Roddy Ricch,Down Below,.m4a,2022-03-31 01:58,1219
Chris Brown,Look At Me Now (feat. Lil Wayne & Busta Rhymes),.m4a,2022-03-31 02:06,1220
"허성현 (Huh!), dsel, 가오가이, Untell","윈윈 (Feat. 개코, BewhY) (Prod. BewhY)",.mp3,2022-03-31 02:12,1221
빈지노,Aqua Man,.mp3,2022-03-31 02:14,1222
이하이,홀로,.m4a,2022-03-31 02:16,1223
유겸,Take You Down (Feat. Coogie),.mp3,2022-04-13 20:27,1224
성시경,너의 모든 순간,.m4a,2022-04-13 20:29,1225
Daniel Caesar,Take Me Away (feat. Syd),.m4a,2022-04-13 20:32,1226
Russ,"Psycho, Pt. 2",.m4a,2022-04-13 20:34,1227
(여자)아이들,TOMBOY,.mp3,2022-04-13 20:53,1228
BIGBANG,봄여름가을겨울 (Still Life),.mp3,2022-04-13 20:59,1229
5 Seconds of Summer,Youngblood,.mp3,2022-04-21 19:32,1230
Pink Sweat$,Honesty,.m4a,2022-04-25 20:31,1231
Pink Sweat$,I Feel Good,.m4a,2022-05-01 14:07,1232
HONNE,I Might ◑,.m4a,2022-05-01 14:13,1233
HONNE,Day 1 ◑,.m4a,2022-05-01 14:14,1234
Pink Sweat$,At My Worst,.m4a,2022-05-01 14:23,1235
Pink Sweat$,Icy,.m4a,2022-05-01 14:27,1236
aiai,Love N Headache,.mp3,2022-05-01 14:34,1237
(여자)아이들,MY BAG,.mp3,2022-05-01 14:35,1238
Ed Sheeran,Photograph,.mp3,2022-05-01 14:41,1239
HONNE,Warm On A Cold Night,.mp3,2022-05-01 14:43,1240
The Weeknd,Out of Time,.m4a,2022-05-01 14:46,1241
John K,cheap sunglasses,.m4a,2022-05-01 14:49,1242
"죠지, SUMIN, L-like",아껴줄게 (Prod. L-like),.mp3,2022-05-01 14:53,1243
백예린,Bye bye my blue,.mp3,2022-05-01 14:54,1244
백예린,우주를 건너,.m4a,2022-05-01 14:56,1245
Ed Sheeran,Dive,.mp3,2022-05-01 15:31,1246
Maroon 5,Memories,.m4a,2022-05-01 15:43,1247
Ant Saunders,Yellow Hearts,.m4a,2022-05-01 15:48,1248
ELO,떨어지는 꿈 (Feat. pH-1),.mp3,2022-05-06 01:59,1249
"Skrillex, Justin Bieber, Don Toliver",Don't Go,.m4a,2022-05-06 02:01,1250
Justin Bieber,Honest (feat. Don Toliver),.m4a,2022-05-06 02:05,1251
Etham,12_45 (Stripped),.mp3,2022-05-06 02:07,1252
Lauv,All 4 Nothing (I'm So In Love),.m4a,2022-05-06 03:07,1253
Shawn Mendes,When You're Gone,.m4a,2022-05-06 03:10,1254
Chris Brown,With You,.mp3,2022-05-06 03:30,1255
Daniel Caesar,Neu Roses (Transgressor's Song),.m4a,2022-05-06 03:34,1256
이무진,가을 타나 봐,.mp3,2022-05-06 03:39,1257
"Shawn Mendes, Justin Bieber",Monster,.m4a,2022-05-16 00:01,1258
Shawn Mendes,Wonder,.m4a,2022-05-16 01:32,1259
Post Malone,Cooped Up (feat. Roddy Ricch),.m4a,2022-06-16 02:02,1260
Post Malone,I Like You (A Happier Song) (feat. Doja Cat),.m4a,2022-06-16 02:05,1261
Post Malone,Insane,.m4a,2022-06-16 02:06,1262
"Post Malone, The Weeknd",One Right Now,.m4a,2022-06-16 02:12,1263
Post Malone,Reputation,.m4a,2022-06-16 02:13,1264
Post Malone,Wrapped Around Your Finger,.m4a,2022-06-16 02:13,1265
easy life,BEESWAX,.mp3,2022-06-16 02:18,1266
Blxst,Never Was Wrong,.mp3,2022-06-16 02:26,1267
Blxst,Still Omw,.mp3,2022-06-16 02:29,1268
Kanye West,All Mine,.mp3,2022-06-16 02:35,1269
Blxst,Let It Be Known,.mp3,2022-06-27 02:56,1270
BIG Naughty,"낭만교향곡 (Feat. 창모, 박재범)",.mp3,2022-06-27 02:58,1271
BIG Naughty,정이라고 하자 (Feat. 10CM),.mp3,2022-06-27 03:00,1272
BIG Naughty,Actor (Feat. pH-1),.mp3,2022-06-27 03:03,1273
Rockie Fresh,Must Be (feat. Chris Brown),.m4a,2022-06-27 03:08,1274
"Megan Thee Stallion, Dua Lipa",Sweetest Pie,.m4a,2022-06-27 03:13,1275
김성규,My Love Will Be Yours,.mp3,2022-06-27 03:14,1276
Pink Sweat$,Call Me,.m4a,2022-06-27 03:30,1277
Pink Sweat$,Would You,.m4a,2022-06-27 03:32,1278
Pink Sweat$,No Replacing You,.m4a,2022-06-27 03:33,1279
Pink Sweat$,Lows,.m4a,2022-06-27 03:48,1280
뱃사공,"락앤롤 베이비 (Feat. G2, 창모)",.mp3,2022-06-27 03:54,1281
"Lil Nas X, YoungBoy Never Broke Again",Late To Da Party,.m4a,2022-07-06 00:55,1282
"Omah Lay, Justin Bieber",Attention,.m4a,2022-07-06 01:01,1283
시온,comedy,.mp3,2022-08-02 00:39,1284
시온,cutlery collector,.mp3,2022-08-02 00:41,1285
John Legend,Dope (feat. JID),.m4a,2022-08-02 00:44,1286
BIG Naughty,"Hachiko (Feat. 시온, Yescoba, 안다영)",.mp3,2022-08-02 00:46,1287
이바다,야몽음인 (夜夢陰人),.mp3,2022-08-02 00:48,1288
지코,괴짜 (Freak),.mp3,2022-08-02 00:52,1289
지코,SEOUL DRIFT,.mp3,2022-08-02 00:53,1290
박재범,좋아 (JOAH),.m4a,2022-08-09 18:49,1291
박재범,YACHT (k) (Feat. Sik-K),.m4a,2022-08-09 18:50,1292
박재범,DRIVE (Feat. GRAY),.mp3,2022-08-09 18:51,1293
Kid Milli,Sariru (Feat. ron),.mp3,2022-08-11 01:20,1294
유겸,I Want U Around (Feat. DeVita),.m4a,2022-08-11 01:59,1295
유겸,Running Through The Rain,.m4a,2022-08-11 01:59,1296
유겸,네 잘못이야 (Feat. GRAY),.m4a,2022-08-11 02:00,1297
Chris James,Hey It's Me,.mp3,2022-08-11 02:06,1298
John K,if we never met,.m4a,2022-08-11 02:06,1299
10CM,어제 너는 나를 버렸어,.mp3,2022-08-11 02:12,1300
Jazzyfact,아까워,.mp3,2022-08-11 02:15,1301
Blase,Pop It (feat. 쿤타),.mp3,2022-08-24 20:11,1302
BIG Naughty,"털어! (Feat. M1NU, Veinyfl, Swervy, 래원, 이영지, Lil Nekh, D.Ark)",.mp3,2022-08-24 20:15,1303
Paul Blanco,Summer (Feat. BE'O),.mp3,2022-08-24 20:20,1304
nafla,오늘도 (feat. 팔로알토 & The Quiett),.mp3,2022-08-24 20:42,1305
Peder Elias,Loving You Girl (Feat. Hkeem),.mp3,2022-08-24 20:53,1306
SOLE,merry merry,.mp3,2022-08-24 20:54,1307
Blase,"Peace Out (MEGA MIX) (feat. Don Mills, 안병웅, San E, Chillin Homie, oygli, BIG Naughty, oceanfromtheblue, TRADE L, 펀치넬로, 에이체스, DON MALIK, Khakii, Polodared, Dive, 키모엘) (Prod. Yoon)",.mp3,2022-08-24 21:02,1308
WSG워너비 (4FIRE),보고싶었어,.m4a,2022-08-24 21:08,1309
NewJeans,Cookie,.m4a,2022-08-24 21:42,1310
NewJeans,Attention,.m4a,2022-08-24 21:43,1311
NewJeans,Hype boy,.m4a,2022-08-24 21:44,1312
리오,New Boots,.mp3,2022-08-24 21:58,1313
Chris Brown,Forbidden,.m4a,2022-08-24 22:16,1314
Pink Sweat$,Drama,.m4a,2022-08-24 22:19,1315
J. Cole,h u n g e r . o n . h i l l s i d e,.m4a,2022-08-24 22:26,1316
Jeremih,Impatient (Feat. Ty Dolla $ign),.mp3,2022-08-24 22:31,1317
DPR IAN,So Beautiful,.mp3,2022-08-24 22:33,1318
SAAY,QUIET DOWN,.mp3,2022-08-24 22:45,1319
MSG워너비 (M.O.M),바라만 본다,.mp3,2022-08-27 16:12,1320
창모,SMF (Prod. Czaer),.mp3,2022-09-07 00:01,1321
지코,새삥 (Prod. 지코) (Feat. 호미들),.mp3,2022-09-07 00:06,1322
시온,Braindead,.mp3,2022-09-16 20:17,1323
"Dreamville, Bas, JID","Costa Rica (Feat. Guapdad 4000, Buddy, Mez, Reese LAFLARE, Jace, Smokepurpp & Ski Mask The Slump God)",.m4a,2022-09-28 03:17,1324
"Dreamville, Ari Lennox, Bas",Self Love (Feat. Baby Rose),.m4a,2022-09-28 03:20,1325
Paul Blanco,Dream,.mp3,2022-09-28 03:22,1326
"Blxst, Arin Ray",Fake Love In LA,.mp3,2022-09-28 03:25,1327
"Blxst, Grandmaster Vic",Pick Your Poison,.mp3,2022-09-28 03:27,1328
Blxst,Keep Comin' Back,.mp3,2022-09-28 03:29,1329
멜로망스,고백,.mp3,2022-09-28 03:32,1330
주시크,너를 생각해,.mp3,2022-09-28 03:36,1331
Ski Mask the Slump God,Foot Fungus,.m4a,2022-09-28 03:48,1332
Chris Brown,Show It (feat. Blxst),.m4a,2022-09-28 03:51,1333
Jhené Aiko,Triggered (freestyle),.m4a,2022-09-28 03:53,1334
지코,OMZ freestyle,.mp3,2022-10-11 23:34,1335
BE'O,"Brunch (Feat. 원슈타인, 시온)",.mp3,2022-10-11 23:43,1336
Charlie Puth,No More Drama,.m4a,2022-10-14 15:20,1337
Charlie Puth,That's Hilarious,.m4a,2022-10-14 15:23,1338
BE'O,자격지심 (Feat. 지코),.mp3,2022-10-14 15:54,1339
Lolo Zouaï,Caffeine,.m4a,2022-10-24 20:45,1340
Lolo Zouaï,Chevy Impala,.m4a,2022-10-24 20:45,1341
Lolo Zouaï,Here To Stay,.m4a,2022-10-24 20:45,1342
Lolo Zouaï,High Highs to Low Lows,.m4a,2022-10-24 20:45,1343
Lolo Zouaï,Moi,.m4a,2022-10-24 20:45,1344
Lolo Zouaï,Out the Bottle,.m4a,2022-10-24 20:45,1345
Paul Blanco,Better Days,.mp3,2022-10-24 20:52,1346
"Charlie Puth, 정국",Left and Right,.m4a,2022-10-24 20:56,1347
Harry Styles,Watermelon Sugar,.mp3,2022-10-24 21:00,1348
BLACKPINK,Pink Venom,.m4a,2022-10-24 21:02,1349
BLACKPINK,Shut Down,.m4a,2022-10-24 21:04,1350
Lauv,Enemies,.m4a,2022-10-24 21:15,1351
Destiny Rogers,Tomboy,.m4a,2022-10-24 21:40,1352
Jvcki Wai,Go Back,.mp3,2022-11-07 00:33,1353
"Sam Smith, Kim Petras",Unholy,.m4a,2022-11-07 00:41,1354
Chris Brown,Fine China,.m4a,2022-11-07 00:45,1355
izi,응급실,.mp3,2022-11-07 02:40,1356
코드 쿤스트,"Bronco (Feat. 뱃사공, BLNK, jayho, 재달)",.mp3,2022-11-07 02:43,1357
"Juice WRLD, YoungBoy Never Broke Again",Bandit,.m4a,2022-11-07 02:49,1358
성시경,거리에서,.mp3,2022-11-07 02:51,1359
ARTAN,One Mic,.mp3,2022-11-07 02:53,1360
BIBI,사장님 도박은 재미로 하셔야 합니다,.mp3,2022-11-07 03:00,1361
페노메코,Change (Feat. sogumm),.mp3,2022-11-07 03:02,1362
헤이즈,헤픈 우연,.mp3,2022-11-07 03:04,1363
Kanye West,Believe What I Say,.m4a,2022-11-07 03:07,1364
릴러말즈,"방에 혼자 있을 때 (Feat. 창모, ASH ISLAND)",.mp3,2022-11-07 03:09,1365
이무진,비와 당신,.mp3,2022-11-07 03:16,1366
Sam Smith,Diamonds,.mp3,2022-11-07 03:18,1367
10CM,고백,.mp3,2022-11-07 03:23,1368
김민석,취중고백,.mp3,2022-11-07 03:27,1369
마크툽,찰나가 영원이 될 때 (The Eternal Moment),.mp3,2022-11-07 03:30,1370
Young Thug,Bubbly (with Drake & Travis Scott),.m4a,2022-11-07 03:34,1371
Gunna,too easy (Remix) [feat. Future & Roddy Ricch],.m4a,2022-11-07 03:37,1372
Armani White,BILLIE EILISH.,.m4a,2022-11-23 04:43,1373
"팔로알토, Swervy, 조원우, Huckleberry P",한라산 (Hi-Lite Sign) (Prod. by Yosi),.mp3,2022-11-23 04:47,1374
THAMA,"잠깐, 급한일이",.mp3,2022-12-03 04:38,1375
Balming Tiger,섹시느낌 (feat. RM),.mp3,2022-12-03 04:39,1376
Central Cee,Doja,.m4a,2022-12-03 04:41,1377
펀치넬로,"Boiling Point (Feat. 사이먼 도미닉, Tabber) (Prod. by 0channel)",.mp3,2022-12-03 04:45,1378
Coogie,Good Night (Feat. BE'O),.mp3,2022-12-03 04:47,1379
ROMderful,1 Missed Call (feat. DEAN & Tabber),.mp3,2022-12-03 05:18,1380
Blase,Tight (feat. 오왼),.mp3,2022-12-03 05:22,1381
LE SSERAFIM,ANTIFRAGILE,.m4a,2022-12-12 18:15,1382
LE SSERAFIM,Impurities,.m4a,2022-12-12 18:21,1383
LE SSERAFIM,FEARLESS,.m4a,2022-12-12 18:27,1384
"JUSTHIS, R.Tee, DON MALIK, 허성현 (Huh!), KHAN, 맥대디, 로스",마이웨이 (MY WAY) (Prod. R.Tee),.mp3,2022-12-12 18:37,1385
"GroovyRoom, 릴보이, Blase, 노윤하, Polodared, Chillin Homie, Fleeky Bang",위하여 (We Higher) (Prod. GroovyRoom),.mp3,2022-12-12 18:41,1386
"Metro Boomin, Future",Too Many Nights (feat. Don Toliver),.m4a,2022-12-18 03:15,1387
"Metro Boomin, Future, Chris Brown",Superhero (Heroes & Villains),.m4a,2022-12-18 03:16,1388
BLACKPINK,Typa Girl,.m4a,2022-12-21 01:13,1389
NewJeans,Ditto,.m4a,2023-01-09 09:39,1390
"Drake, 21 Savage",Major Distribution,.m4a,2023-01-09 09:43,1391
"Metro Boomin, Travis Scott, 21 Savage",Niagara Falls (Foot or 2),.m4a,2023-01-09 09:48,1392
LE SSERAFIM,Blue Flame,.m4a,2023-01-09 09:49,1393
"ARTAN, Spencer Elmer",She's A 10 But...,.m4a,2023-01-09 09:57,1394
NewJeans,OMG,.m4a,2023-01-12 07:56,1395
"SUMIN, SOULBYSEL",Miracle (Prod. Devin Morrison),.mp3,2023-01-26 00:37,1396
"이영지, 토이고, 제이켠, 잠비노, XINSAYNE",WE (Feat. 박재범) (Prod. by Slom),.mp3,2023-01-26 00:43,1397
이영지,NOT SORRY (Feat. pH-1) (Prod. by Slom),.m4a,2023-01-26 00:49,1398
QM,COME TO MY STU (Feat. 릴러말즈),.mp3,2023-01-26 01:00,1399
Drake,BackOutsideBoyz,.m4a,2023-01-26 01:03,1400
Slom,"선인장 (Feat. Crush, 빈지노)",.mp3,2023-01-26 01:05,1401
Slom,"SKIT (Feat. 이하이, 로꼬)",.mp3,2023-01-26 01:07,1402
Dr. Dre,"Bang Bang (Feat. Hittman, Knoc-Turn'al)",.mp3,2023-01-26 01:11,1403
Dr. Dre,Forgot About Dre (Feat. Eminem),.mp3,2023-01-26 01:13,1404
"Metro Boomin, Travis Scott, Young Thug",Trance,.m4a,2023-01-26 01:17,1405
"노윤하, 유명한아이",Mo Famous (prod. Codec),.mp3,2023-01-26 01:20,1406
Crush,Rush Hour (Feat. j-hope),.mp3,2023-01-26 01:27,1407
윤하,사건의 지평선,.mp3,2023-01-26 01:30,1408
pH-1,RUN AWAY,.m4a,2023-01-26 01:32,1409
pH-1,배,.m4a,2023-01-26 01:33,1410
pH-1,MR. BAD (Feat. 우원재),.m4a,2023-01-26 01:35,1411
pH-1,TGIF,.m4a,2023-01-26 01:36,1412
펀치넬로,homesickness (Feat. sogumm) (Prod. by 0channel),.mp3,2023-01-26 01:38,1413
펀치넬로,Winter Blossom (Feat. SAAY) (Prod. by 0channel),.mp3,2023-01-26 01:39,1414
펀치넬로,"Blue Hawaii (Feat. Crush, 페노메코) (Prod. by 0channel)",.mp3,2023-01-26 01:41,1415
펀치넬로,SWERVE (Prod. by 0channel),.mp3,2023-01-26 01:42,1416
문수진,Right Back (Feat. Tabber),.mp3,2023-01-26 01:44,1417
"Chris Brown, Tyga",Ayo,.m4a,2023-02-02 01:20,1418
페노메코,PNM (Plus And Minus),.mp3,2023-02-02 01:34,1419
Lukas Graham,Hayo,.mp3,2023-02-02 01:40,1420
THAMA,Real Thing (Feat. 다이나믹 듀오),.mp3,2023-02-02 01:42,1421
BIG Naughty,Lovey Dovey (Feat. meenoi),.mp3,2023-02-02 01:45,1422
Blase,"Blockin' (feat. 릴보이, YLN Foreign)",.mp3,2023-02-02 01:45,1423
SOLE,머물러 있는 것 또한 아름다울 수 있는 건,.mp3,2023-02-02 01:45,1424
Lil Nas X,DOLLA SIGN SLIME (feat. Megan Thee Stallion),.m4a,2023-02-02 01:51,1425
태양,I Need A Girl (Feat. G-DRAGON),.mp3,2023-02-02 02:55,1426
박명수,바보에게... 바보가,.mp3,2023-02-02 03:08,1427
Colde,시,.mp3,2023-02-02 03:11,1428
WINNER,AH YEAH (아예),.mp3,2023-02-02 03:17,1429
LISA,MONEY,.mp3,2023-02-03 11:50,1430
dnss,"내이성이맞는소리 (Feat. Kvsh, 최엘비)",.mp3,2023-02-04 20:43,1431
fromis_9,Stay This Way,.mp3,2023-02-04 21:08,1432
YK Osiris,Ride (feat. Kehlani),.mp3,2023-02-04 21:11,1433
Dr. Dre,"The Watcher (Feat. Eminem, Knoc-Turn'al)",.mp3,2023-02-04 21:14,1434
Kanye West,Yikes,.mp3,2023-02-04 21:18,1435
"PATEKO, Jayci yucca, Kid Wine",작은 날,.mp3,2023-02-04 21:47,1436
"KURO, 이한울",love on loop (LOL),.mp3,2023-02-04 21:52,1437
Lil Yachty,Poland,.mp3,2023-02-04 21:57,1438
Yonezu Kenshi (米津玄師),KICK BACK,.m4a,2023-02-04 22:02,1439
"토이고, 고은이, NSW yoon, 노윤하, XINSAYNE",HOP ON THE TRUCK (Prod. Padi),.mp3,2023-02-24 00:48,1440
JERO,Weekend,.mp3,2023-02-24 00:51,1441
페노메코,영화 한 편 찍자,.mp3,2023-02-24 01:10,1442
Samm Henshaw,Broke,.mp3,2023-02-24 01:59,1443
JERO,신호등 (Feat. 빈지노),.m4a,2023-03-02 01:47,1444
이영지,낮 밤 (feat. 박재범),.mp3,2023-03-02 02:05,1445
Masked Wolf,Astronaut In The Ocean,.mp3,2023-03-02 02:11,1446
Charlie Puth,I Don't Think That I Like Her,.m4a,2023-03-02 02:43,1447
이바다,"1,2,3,4,5",.mp3,2023-03-06 21:40,1448
"sokodomo, XINSAYNE, PULLIK, Omyo, JP, 하티하티베이비",Input + Output,.mp3,2023-03-10 21:00,1449
Charli XCX,Used To Know Me,.m4a,2023-03-10 21:09,1450
Charli XCX,Baby,.m4a,2023-03-10 21:10,1451
Ski Mask the Slump God,Faucet Failure,.m4a,2023-03-10 21:26,1452
Ski Mask the Slump God,Unbothered,.m4a,2023-03-10 21:27,1453
Charlie Puth,When You're Sad I'm Sad,.m4a,2023-03-10 21:30,1454
Imagine Dragons,Sharks,.m4a,2023-03-10 21:59,1455
BIG Naughty,Vancouver,.mp3,2023-03-10 22:01,1456
BIG Naughty,Poker (Feat. Dvwn),.mp3,2023-03-10 22:03,1457
Blxst,Sometimes (feat. Zacari),.mp3,2023-03-10 22:07,1458
VVON,"Hold Up (Feat. Coogie, SUMIN)",.mp3,2023-03-10 22:09,1459
"Kendrick Lamar, Taylour Paige",We Cry Together,.m4a,2023-03-10 22:30,1460
Chris James,The Cool Kid,.mp3,2023-03-10 22:50,1461
easy life,peanut butter,.m4a,2023-03-10 22:56,1462
PREP,Cheapest Flight,.mp3,2023-03-10 22:58,1463
Justin Bieber,Know No Better (feat. DaBaby),.m4a,2023-03-10 23:03,1464
Ella Mai,Trip,.m4a,2023-03-10 23:04,1465
Calvin Harris,This Is What You Came For (Feat. Rihanna),.mp3,2023-03-10 23:14,1466
Beyoncé,Love On Top,.mp3,2023-03-10 23:21,1467
Murda Beatz,One Shot (feat. Blxst & Wale),.mp3,2023-03-10 23:24,1468
DOES,曇天,.mp3,2023-03-10 23:33,1469
NICO Touches The Walls,Diver,.mp3,2023-03-10 23:36,1470
Ikimonogakari,ブルーバード,.mp3,2023-03-10 23:39,1471
베이식,"08베이식 (Feat. 염따, 펀치넬로)",.mp3,2023-03-10 23:46,1472
aespa,Next Level,.mp3,2023-03-10 23:49,1473
J. Cole,m y . l i f e,.m4a,2023-03-10 23:59,1474
이하이,한숨,.m4a,2023-03-11 00:02,1475
넉살,AKIRA (Feat. 개코),.mp3,2023-03-11 00:04,1476
빈지노,Boogie On & On,.mp3,2023-03-11 00:07,1477
스윙스,B Mine (Feat. SUMIN) (Prod. 코드 쿤스트),.mp3,2023-03-11 00:08,1478
백예린,Lovegame,.mp3,2023-03-11 00:11,1479
KATIE,ECHO,.mp3,2023-03-11 00:13,1480
Chris Brown,Gimme That,.mp3,2023-03-11 00:15,1481
Chris Brown,Run It! (Feat. Juelz Santana),.mp3,2023-03-11 00:16,1482
Denzel Curry,Ultimate,.mp3,2023-03-11 00:34,1483
Cordae,Gifted (feat. Roddy Ricch & Ant Clemons),.m4a,2023-03-11 00:37,1484
Chris Brown,Questions,.m4a,2023-03-11 00:38,1485
Jason Derulo,Swalla (Feat. Nicki Minaj & Ty Dolla $ign),.mp3,2023-03-11 00:41,1486
Debarge,I Like It,.mp3,2023-03-11 00:48,1487
볼빨간사춘기,빈칸을 채워주시오,.mp3,2023-03-11 00:51,1488
Chris Brown,Loyal (feat. Lil Wayne & Tyga),.m4a,2023-03-11 00:54,1489
박재범,Yesterday,.m4a,2023-03-11 01:01,1490
Cordae,Two Tens (feat. Anderson .Paak),.m4a,2023-03-11 01:35,1491
Jhené Aiko,P_$$Y Fairy (OTW),.m4a,2023-03-13 21:27,1492
Kanye West,Nah Nah Nah (Remix) [feat. DaBaby & 2 Chainz],.m4a,2023-03-13 21:36,1493
XG,LEFT RIGHT,.m4a,2023-03-18 00:28,1494
XG,SHOOTING STAR,.m4a,2023-03-18 00:28,1495
Chris Brown,Liquor,.m4a,2023-03-18 00:32,1496
Chris Brown,Call Me Every Day (feat. Wizkid),.m4a,2023-03-18 00:41,1497
"Jimmy Paige, 블랙넛, 한요한",실키보이즈,.mp3,2023-03-18 01:14,1498
Charlie Puth,If You Leave Me Now (feat. Boyz II Men),.mp3,2023-03-18 01:29,1499
fromis_9,DM,.m4a,2023-03-18 01:36,1500
Armani White,GOATED. (Feat. Denzel Curry),.mp3,2023-03-26 16:48,1501
"스윙스, YUNHWAY, Jhnovr, 오르내림, DUT2, INJAE, 노윤하",Pot (Prod. YEOHO),.mp3,2023-03-26 18:02,1502
팔로알토,"그늘 (Shelter) (Feat. ZENE THE ZILLA, Sway D, SUPERBEE)",.mp3,2023-03-27 11:33,1503
"GASHI, G-Eazy",My Year,.m4a,2023-04-03 20:06,1504
Destiny Rogers,Lo Lo (feat. P-LO & Guapdad 4000),.m4a,2023-04-03 20:09,1505
"JP, sokodomo",s n o w (prod. JP),.mp3,2023-04-03 20:11,1506
오왼,Diamonds (lose yourself),.mp3,2023-04-03 20:19,1507
JUSTHIS,"Do Not Go Gentle Into That Good Night (feat. KWAII, DON MALIK, GongGongGoo009) (Prod. Humbert)",.mp3,2023-04-03 20:28,1508
"PATEKO, Jayci yucca, Kid Wine",힘든 거 알아,.mp3,2023-04-03 20:32,1509
LOTI,"새로고침 (Feat. Gist, Kid Wine)",.mp3,2023-04-03 20:34,1510
Metro Boomin,10 Freaky Girls (feat. 21 Savage),.m4a,2023-04-03 20:37,1511
"스윙스, JINBO, YUNHWAY, 다민이, DUT2, Bamsem",Future Bounce (Prod. JINBO),.mp3,2023-04-03 20:51,1512
"스윙스, Kid Milli, YUNHWAY, Raf Sandou, 이소",step back b---- 'cause I'm too fye (Prod. sAewoo),.mp3,2023-04-03 20:58,1513
"스윙스, 그냥노창, 블랙넛, 다민이",No One Likes Us (Prod. 그냥노창),.mp3,2023-04-08 21:18,1514
The Carters,APESHIT,.mp3,2023-04-08 21:22,1515
"스윙스, Kid Milli, Lil tachi, 노윤하",Warrior (Prod. sAewoo),.mp3,2023-04-11 00:49,1516
Tinashe,X (feat. Jeremih),.m4a,2023-04-15 02:24,1517
Cordae,RNP (feat. Anderson .Paak),.m4a,2023-04-15 03:51,1518
멜로망스,사랑인가 봐,.mp3,2023-04-20 00:30,1519
IVE,I AM,.m4a,2023-04-21 03:23,1520
"Travis Scott, Young Thug",pick up the phone (feat. Quavo),.m4a,2023-04-21 03:39,1521
Travis Scott,outside,.m4a,2023-04-21 03:41,1522
A Boogie Wit da Hoodie,Startender (feat. Offset and Tyga),.mp3,2023-04-21 03:44,1523
Youngboy Never Broke Again,Outside Today,.mp3,2023-04-21 03:46,1524
BlocBoy JB,Look Alive (feat. Drake),.mp3,2023-04-21 03:50,1525
Calvin Harris & Dua Lipa,One Kiss,.mp3,2023-04-21 03:52,1526
이영지,"WITCH (Feat. 박재범, So!YoON!) (Prod. by Slom)",.m4a,2023-04-21 03:55,1527
볼빨간사춘기,Love story,.mp3,2023-04-23 00:29,1528
DeVita,Naughty,.mp3,2023-05-27 14:51,1529
DeVita,Ride For Me (Feat. DAWN),.mp3,2023-05-27 14:53,1530
박재범,Candy (Feat. Zion.T),.mp3,2023-05-27 14:56,1531
페노메코,피융!(PEW!) (Feat. 지코),.mp3,2023-06-24 10:41,1532
페노메코,RINDAMAN (Feat. 지코),.mp3,2023-06-24 10:42,1533
aespa,Spicy,.m4a,2023-06-24 11:25,1534
LE SSERAFIM,"이브, 프시케 그리고 푸른 수염의 아내",.m4a,2023-06-24 12:42,1535
SUMIN,Cookie (Cover),.m4a,2023-06-24 12:47,1536
"Fridayy, Chris Brown",Don't Give It Away,.m4a,2023-06-24 12:48,1537
코드 쿤스트,little bit (Feat. DeVita),.mp3,2023-06-24 12:50,1538
Denzel Curry,Walkin,.m4a,2023-06-24 12:53,1539
NMIXX,Roller Coaster,.m4a,2023-07-08 11:14,1540
Chris Brown,Summer Too Hot,.m4a,2023-07-08 15:14,1541
"Summer Walker, Usher",Come Thru,.m4a,2023-07-08 15:50,1542
Don Toliver,No Pole,.m4a,2023-07-08 16:06,1543
Don Toliver,Private Landing (feat. Justin Bieber & Future),.m4a,2023-07-08 16:08,1544
코드 쿤스트,"Terminal (Feat. SUMIN, Kid Milli, CHAI)",.mp3,2023-07-08 16:09,1545
21 Savage & Metro Boomin,Rich Nigga Shit (feat. Young Thug),.m4a,2023-07-08 16:15,1546
페노메코,X,.mp3,2023-07-08 16:18,1547
"Anne-Marie, 민니",Expectations,.mp3,2023-07-08 16:29,1548
Lolo Zouaï,Summers in Vegas,.m4a,2023-07-10 00:53,1549
이바다,파란꽃,.mp3,2023-07-10 01:36,1550
"oceanfromtheblue, SOULBYSEL",i wanna,.mp3,2023-07-10 01:39,1551
Kid Milli,BORA,.mp3,2023-07-10 13:52,1552
Kid Milli,Coupe ! (Feat. lobonabeat!),.mp3,2023-07-10 13:54,1553
Kid Milli,Leellamarz interlude.,.mp3,2023-07-10 13:54,1554
Kid Milli,pH-1 interlude.,.mp3,2023-07-10 13:54,1555
Kid Milli,Simple Poem (Feat. Rad Museum),.mp3,2023-07-10 13:54,1556
Kid Milli,Still friend _ (Feat. pH-1),.mp3,2023-07-10 13:54,1557
"Pharrell Williams, Travis Scott",Down In Atlanta,.m4a,2023-07-10 14:16,1558
Summer Walker,Playing Games,.m4a,2023-07-10 14:56,1559
Cordae,Chronicles (feat. H.E.R. & Lil Durk),.m4a,2023-07-10 15:03,1560
Yonezu Kenshi (米津玄師),Moonlight,.mp3,2023-07-10 15:07,1561
Kid Milli,BENZO,.mp3,2023-07-10 15:11,1562
Lauv,I Like Me Better,.m4a,2023-07-10 15:15,1563
Lauv,Easy Love,.m4a,2023-07-10 15:17,1564
백예린,한계,.m4a,2023-07-10 15:22,1565
Charlie Puth,Dangerously,.m4a,2023-07-10 15:24,1566
"Summer Walker, Drake",Girls Need Love (Remix),.m4a,2023-07-10 15:27,1567
Kehlani,F&MU,.m4a,2023-07-10 15:28,1568
Sam Smith,Love Me More,.m4a,2023-07-10 15:30,1569
Kehlani,up at night (feat. Justin Bieber),.m4a,2023-07-10 15:34,1570
Charli XCX,Beg For You (feat. Rina Sawayama),.m4a,2023-07-10 15:41,1571
Slom,우산,.mp3,2023-07-10 15:43,1572
Justin Bieber,Love You Different (feat. Beam),.m4a,2023-07-10 15:50,1573
YUNHWAY,Carpe Diem (feat. SILKYBOIS),.mp3,2023-07-10 16:47,1574
XG,GRL GVNG,.m4a,2023-07-10 17:06,1575
NewJeans,ASAP,.mp3,2023-08-13 11:22,1576
NewJeans,Cool With You,.mp3,2023-08-13 11:22,1577
NewJeans,ETA,.mp3,2023-08-13 11:22,1578
NewJeans,Get Up,.mp3,2023-08-13 11:22,1579
NewJeans,New Jeans,.mp3,2023-08-13 11:22,1580
NewJeans,Super Shy,.mp3,2023-08-13 11:22,1581
KISS OF LIFE,Countdown (BELLE Solo),.mp3,2023-08-13 12:07,1582
KISS OF LIFE,Sugarcoat (NATTY Solo),.mp3,2023-08-13 12:07,1583
KISS OF LIFE,쉿 (Shhh),.mp3,2023-08-13 12:07,1584
KISS OF LIFE,"안녕,네버랜드",.mp3,2023-08-13 12:07,1585
E SENS,A Yo (Feat. 빈지노),.mp3,2023-08-13 12:12,1586
E SENS,Gas (Feat. 지빈),.mp3,2023-08-13 12:12,1587
E SENS,I'm Back (Feat. Uneducated Kid),.mp3,2023-08-13 12:12,1588
E SENS,No Boss (Feat. Dok2),.mp3,2023-08-13 12:12,1589
E SENS,Real Ones (Feat. 장석훈),.mp3,2023-08-13 12:12,1590
E SENS,What The Hell,.mp3,2023-08-13 12:13,1591
E SENS,기분 (Feat. DeVita),.mp3,2023-08-13 12:13,1592
Travis Scott,GOD'S COUNTRY,.mp3,2023-08-13 12:20,1593
Travis Scott,I KNOW _,.mp3,2023-08-13 12:21,1594
Travis Scott,MELTDOWN (Feat. Drake),.mp3,2023-08-13 12:22,1595
Travis Scott,MY EYES,.mp3,2023-08-13 12:22,1596
Travis Scott,SIRENS,.mp3,2023-08-13 12:22,1597
Travis Scott,MODERN JAM (Feat. Teezo Touchdown),.mp3,2023-08-13 12:23,1598
"Tabber, DEAN, 김심야",3AM Freestyle,.m4a,2023-08-13 12:31,1599
"Jayci yucca, dnss","Ride (feat. 릴러말즈, DON MALIK)",.mp3,2023-08-13 12:36,1600
"Jayci yucca, dnss",바라클라바 (feat. lobonabeat!),.mp3,2023-08-13 12:36,1601
JP THE WAVY,We Comin' (f--k dat s--t),.m4a,2023-08-13 12:41,1602
"JP THE WAVY, JIGG",Okay (feat. Vingo),.mp3,2023-08-13 12:57,1603
JP THE WAVY,Mango Loco,.mp3,2023-08-13 12:58,1604
"JP THE WAVY, JIGG",What’s Poppin (feat. LANA),.mp3,2023-08-13 12:58,1605
JP THE WAVY,I'M FROM JAPAN,.mp3,2023-08-13 13:00,1606
Awich,"GILA GILA (feat. JP THE WAVY, YZERR)",.mp3,2023-08-13 13:05,1607
OZworld,VOiCE (feat. JP THE WAVY),.mp3,2023-08-13 13:08,1608
Kid Milli,BEIGE theme,.mp3,2023-08-13 13:49,1609
Kid Milli,R.I.P (Feat. B.I),.mp3,2023-08-13 13:49,1610
Kid Milli,Test me _,.mp3,2023-08-13 13:49,1611
Kid Milli,추월,.mp3,2023-08-13 13:49,1612
"Calvin Harris, Sam Smith",Promises,.mp3,2023-08-13 13:55,1613
Stephen Sanchez,Until I Found You,.m4a,2023-08-13 13:59,1614
Meghan Trainor,Like I'm Gonna Lose You (Feat. John Legend),.m4a,2023-08-13 14:02,1615
"BE'O, Paul Blanco",Baby,.mp3,2023-08-13 14:08,1616
최예나,Hate Rodrigo (Feat. 우기),.mp3,2023-08-13 14:13,1617
fromis_9,#menow,.m4a,2023-08-13 14:15,1618
Anderson .Paak,Make It Better (feat. Smokey Robinson),.m4a,2023-08-13 14:17,1619
Pink Sweat$,For Me (feat. Blxst),.m4a,2023-08-13 14:20,1620
THAMA,Blessed (Feat. GSoul),.mp3,2023-08-13 14:22,1621
Lil Yachty,running out of time,.m4a,2023-08-13 14:25,1622
"Awich, 唾奇, OZworld, CHICO CARLITO",RASEN in OKINAWA (Prod. Diego Ave),.mp3,2023-08-13 14:29,1623
The Weeknd,Sacrifice,.m4a,2023-08-13 14:31,1624
Harry Styles,As It Was,.m4a,2023-08-13 14:35,1625
THAMA,MAPO,.mp3,2023-08-13 14:37,1626
"Drake, 21 Savage",Broke Boys,.m4a,2023-08-13 14:39,1627
Lolo Zouaï,Ride,.m4a,2023-08-13 14:41,1628
nafla,highskool,.mp3,2023-08-13 14:43,1629
Post Malone,Lemon Tree,.m4a,2023-08-13 14:45,1630
BIG Naughty,잠깐만,.mp3,2023-08-13 14:47,1631
"박재범, 28AV, GEMINI, pH-1",Champagne Diet,.m4a,2023-08-13 14:49,1632
JUSTHIS,써머타임 (Prod. 팔로알토),.mp3,2023-08-13 14:54,1633
"스윙스, BILL STAX, 그냥노창, C JAMM",더,.mp3,2023-08-13 15:02,1634
NMIXX,Love Me Like This,.m4a,2023-08-13 15:07,1635
IVE,ELEVEN,.m4a,2023-08-13 15:11,1636
BewhY,시뻘게 (Prod. Czaer),.mp3,2023-09-27 13:43,1637
Harry Styles,Falling,.m4a,2023-09-27 13:44,1638
Harry Styles,Lights Up,.m4a,2023-09-27 13:44,1639
Hoshino Gen (星野源),Pop Virus,.mp3,2023-09-27 13:45,1640
Hoshino Gen (星野源),喜劇,.mp3,2023-09-27 13:46,1641
Hoshino Gen (星野源),恋,.mp3,2023-09-27 13:47,1642
Hoshino Gen (星野源),異世界混合大舞踏会 (feat. おばけ),.mp3,2023-09-27 13:48,1643
imase,NIGHT DANCER,.mp3,2023-09-27 13:49,1644
IVE,Either Way,.mp3,2023-09-27 13:49,1645
Justin Bieber,Beautiful Love (Free Fire),.m4a,2023-09-27 13:50,1646
Kendrick Lamar,Alright,.mp3,2023-09-27 13:54,1647
lobonabeat!,꽃 프리스타일,.mp3,2023-09-27 13:54,1648
"MAYA, COCONA","SHOW YOU CAN (Prod. Czaer, JAKOPS)",.mp3,2023-09-27 13:54,1649
oygli,"1 에서 8 REMIX (feat. E SENS, 빈지노)",.m4a,2023-09-27 13:56,1650
XG,NEW DANCE,.mp3,2023-09-27 13:57,1651
YOASOBI,あの夢をなぞって,.mp3,2023-09-27 13:58,1652
YOASOBI,たぶん,.mp3,2023-09-27 13:58,1653
YOASOBI,アイドル,.mp3,2023-09-27 14:00,1654
YOASOBI,ハルカ,.mp3,2023-09-27 14:00,1655
YOASOBI,夜に駆ける,.mp3,2023-09-27 14:00,1656
YOASOBI,群青,.mp3,2023-09-27 14:00,1657
Yonezu Kenshi (米津玄師),LADY,.mp3,2023-09-27 14:01,1658
Yonezu Kenshi (米津玄師),LOSER,.mp3,2023-09-27 14:04,1659
Yonezu Kenshi (米津玄師),ピースサイン,.mp3,2023-09-27 14:05,1660
Yuuri (優里),ドライフラワー,.mp3,2023-09-27 14:09,1661
Yuuri (優里),ベテルギウス,.mp3,2023-09-27 14:09,1662
김범수,꽃피는 봄이오면,.mp3,2023-09-27 14:10,1663
김연우,여전히 아름다운지,.mp3,2023-09-27 14:50,1664
노윤하,Far Post (Feat. lobonabeat!),.mp3,2023-09-27 14:51,1665
박재정,헤어지자 말해요,.mp3,2023-09-27 14:52,1666
AKMU,Love Lee,.mp3,2023-09-27 14:53,1667
유겸,Say Nothing (Feat. 이하이),.mp3,2023-09-27 14:53,1668
잔나비,주저하는 연인들을 위해,.mp3,2023-09-27 14:54,1669
"Kid Milli, SUMIN",CRAZY OUT THERE (Prod. Czaer),.mp3,2023-09-27 14:56,1670
정국,Seven (feat. Latto),.m4a,2023-09-27 14:56,1671
페노메코,Quick Fast,.mp3,2023-09-27 14:57,1672
AKMU,"어떻게 이별까지 사랑하겠어, 널 사랑하는 거지",.mp3,2023-10-27 16:12,1673
BewhY,Holy Toast,.mp3,2023-10-27 16:12,1674
Billie Eilish,all the good girls go to hell,.m4a,2023-10-27 16:12,1675
Billie Eilish,wish you were gay,.m4a,2023-10-27 16:12,1676
Billie Eilish,xanny,.m4a,2023-10-27 16:12,1677
Chris Brown,Sensational (feat. Davido & Lojay),.m4a,2023-10-27 16:12,1678
Cordae,Bad Idea (feat. Chance the Rapper),.m4a,2023-10-27 16:12,1679
Don Toliver,Embarrassed (feat. Travis Scott),.m4a,2023-10-27 16:12,1680
IVE,Baddie,.m4a,2023-10-27 16:12,1681
XG,PUPPET SHOW,.mp3,2023-10-27 16:12,1682
로꼬,NOT OK (Feat. 민니),.mp3,2023-10-27 16:12,1683
정국,3D (feat. Jack Harlow),.m4a,2023-10-27 16:12,1684
Charlie Puth,Loser,.m4a,2023-12-28 15:43,1685
Chris Brown,Fine By Me,.m4a,2023-12-28 15:43,1686
Chris Brown,Need You Right Here (feat. Bryson Tiller),.m4a,2023-12-28 15:43,1687
DNCE,Cake by the Ocean,.m4a,2023-12-28 15:43,1688
Dvwn,연남동 (Feat. 릴보이),.mp3,2023-12-28 15:43,1689
Fujii Kaze (藤井風),きらり,.mp3,2023-12-28 15:43,1690
Fujii Kaze (藤井風),まつり,.mp3,2023-12-28 15:43,1691
Fujii Kaze (藤井風),死ぬのがいいわ,.mp3,2023-12-28 15:43,1692
Fujii Kaze (藤井風),花,.mp3,2023-12-28 15:43,1693
KANA-BOON,Silhouette,.mp3,2023-12-28 15:43,1694
KISS OF LIFE,Bad News,.mp3,2023-12-28 15:43,1695
KISS OF LIFE,Nobody Knows,.mp3,2023-12-28 15:43,1696
LE SSERAFIM,Perfect Night,.m4a,2023-12-28 15:43,1697
SZA,Kill Bill,.m4a,2023-12-28 15:43,1698
XG,WINTER WITHOUT YOU,.mp3,2023-12-28 15:43,1699
기리보이,농담처럼 (Prod. Zion.T),.mp3,2023-12-28 15:43,1700
비투비,그리워하다,.m4a,2023-12-28 15:43,1701
스카이민혁,14-23,.mp3,2023-12-28 15:43,1702
스카이민혁,OUTCOME (FEAT. Khundi Panda),.mp3,2023-12-28 15:43,1703
스카이민혁,진실,.mp3,2023-12-28 15:43,1704
정국,Standing Next to You,.m4a,2023-12-28 15:43,1705
허각,Hello,.mp3,2023-12-28 15:43,1706
ARTAN,4x4,.mp3,2024-02-17 16:43,1707
Chris Brown,Inner Peace (feat. Anderson .Paak),.m4a,2024-02-17 16:43,1708
Chris Brown,Take You Down,.mp3,2024-02-17 16:43,1709
Crush,Monday Blues,.m4a,2024-02-17 16:43,1710
Crush,Satisfied (Feat. 페노메코),.mp3,2024-02-17 16:43,1711
Crush,미워 (Ego),.m4a,2024-02-17 16:43,1712
Daniel Caesar,Please Do Not Lean (feat. BADBADNOTGOOD),.m4a,2024-02-17 16:43,1713
Lil Durk,All My Life (feat. J. Cole),.m4a,2024-02-17 16:43,1714
NMIXX,DASH,.m4a,2024-02-17 16:43,1715
Pink Sweat$,17,.m4a,2024-02-17 16:43,1716
SPYAIR,サムライハート (Some Like It Hot!!),.mp3,2024-02-17 16:43,1717
Travis Scott,COFFEE BEAN,.m4a,2024-02-17 16:43,1718
Tyla,Water,.m4a,2024-02-17 16:43,1719
YOASOBI,優しい彗星,.mp3,2024-02-17 16:43,1720
마크툽,오늘도 빛나는 너에게 (To You My Light) (Feat.이라온),.mp3,2024-02-17 16:43,1721
스카이민혁,XXK NEXT LEVEL (FEAT. XXK),.mp3,2024-02-17 16:43,1722
스카이민혁,내 방에서 나가,.mp3,2024-02-17 16:43,1723
원슈타인,안 아름답고도 안 아프구나,.mp3,2024-02-17 16:43,1724
5 Seconds of Summer,High,.m4a,2024-03-22 14:07,1725
Chris Brown,Angel Numbers _ Ten Toes,.m4a,2024-03-22 14:07,1726
Fujii Kaze (藤井風),何なんw,.mp3,2024-03-22 14:07,1727
Fujii Kaze (藤井風),帰ろう,.mp3,2024-03-22 14:07,1728
Fujii Kaze (藤井風),特にない,.mp3,2024-03-22 14:07,1729
Hirata Shihoko (平田志穂子),Signs Of Love,.mp3,2024-03-22 14:07,1730
j-hope,Chicken Noodle Soup (feat. Becky G),.mp3,2024-03-22 14:07,1731
King Gnu,BOY,.mp3,2024-03-22 14:07,1732
LE SSERAFIM,EASY,.m4a,2024-03-22 14:07,1733
Mobb Deep,"Shook Ones, Part II",.mp3,2024-03-22 14:07,1734
Mrs. GREEN APPLE,ダンスホール,.mp3,2024-03-22 14:07,1735
nafla,blur,.mp3,2024-03-22 14:07,1736
Official髭男dism,日常,.mp3,2024-03-22 14:07,1737
"PATEKO, Jayci yucca, Kid Wine",널 떠올리는 중이야,.mp3,2024-03-22 14:07,1738
Pink Sweat$,Nothing Feels Better,.m4a,2024-03-22 14:07,1739
PRETTYMUCH,Teacher,.mp3,2024-03-22 14:07,1740
QWER,Discord,.mp3,2024-03-22 14:07,1741
Rad Museum,CALL ME BACK (feat. BE'O),.mp3,2024-03-22 14:07,1742
Zaniah,Coffee Bean,.mp3,2024-03-22 14:07,1743
Zion.T,V (Peace) (feat. AKMU),.mp3,2024-03-22 14:07,1744
빈지노,990 (Feat. 김심야),.mp3,2024-03-22 14:07,1745
빈지노,바보같이 (Feat. Y2K92),.mp3,2024-03-22 14:07,1746
빈지노,여행 Again (Feat. Cautious Clay),.mp3,2024-03-22 14:07,1747
사이먼 도미닉,POSE! (Feat. 염따),.mp3,2024-03-22 14:07,1748
이무진,에피소드,.mp3,2024-03-22 14:07,1749
KISS OF LIFE,Midas Touch,.m4a,2024-04-13 13:24,1750
KISS OF LIFE,Nothing,.m4a,2024-04-13 13:24,1751
Matsubara Miki (松原みき),真夜中のドア〜 Stay With Me,.mp3,2024-04-13 13:24,1752
Official髭男dism,Pretender,.mp3,2024-04-13 13:24,1753
Official髭男dism,Subtitle,.mp3,2024-04-13 13:24,1754
Official髭男dism,TATTOO,.mp3,2024-04-13 13:24,1755
Official髭男dism,宿命,.mp3,2024-04-13 13:24,1756
The Notorious B.I.G.,Big Poppa,.m4a,2024-04-13 13:24,1757
기리보이,"거지 (Feat. YUNHWAY, Jhnovr, JUSTHIS)",.m4a,2024-04-13 13:24,1758
기리보이,와츠롱 (Feat. YUNHWAY),.m4a,2024-04-13 13:24,1759
기리보이,을 (Feat. BIG Naughty),.mp3,2024-04-13 13:24,1760
"박재범, Dok2",니가 싫어하는 노래 (MOST HATED),.mp3,2024-04-13 13:24,1761
호미들,노세노세,.mp3,2024-04-13 13:24,1762
DAY6,예뻤어,.mp3,2024-05-20 19:04,1763
Fisherman,3UPHORIA (Feat. 원슈타인),.mp3,2024-05-20 19:04,1764
Fisherman,"Stalkin’ (Feat. 릴보이, pH-1)",.mp3,2024-05-20 19:04,1765
QWER,고민중독,.m4a,2024-05-20 19:04,1766
릴보이,HIGH (Feat. pH-1),.mp3,2024-05-20 19:04,1767
원슈타인,Apocalypse (prod. PEEJAY),.mp3,2024-05-20 19:04,1768
원슈타인,Cassie ($) (prod. PEEJAY),.mp3,2024-05-20 19:04,1769
원슈타인,Single,.mp3,2024-05-20 19:04,1770
원슈타인,쿨 (prod. PEEJAY),.mp3,2024-05-20 19:04,1771
지코,SPOT! (feat. JENNIE),.mp3,2024-05-20 19:04,1772
"창모, lobonabeat!, ShyboiiTobii, Dok2, SMUGGLERS",No Tomorrow,.mp3,2024-05-20 19:04,1773
J.Tajor,Like I Do,.mp3,2024-05-20 20:49,1774
Kendrick Lamar,Not Like Us,.m4a,2024-05-20 20:49,1775
Migos,Need It (feat. YoungBoy Never Broke Again),.mp3,2024-05-20 20:49,1776
Official髭男dism,イエスタデイ,.mp3,2024-05-20 20:49,1777
"THE SCOTTS, Travis Scott, Kid Cudi",THE SCOTTS,.m4a,2024-05-20 20:49,1778
Drake,Jimmy Cooks (feat. 21 Savage),.m4a,2024-05-22 13:18,1779
"Baby Keem, Kendrick Lamar",family ties,.m4a,2024-06-23 00:17,1780
"Baby Keem, Travis Scott",durag activity,.mp3,2024-06-23 00:17,1781
Billie Eilish,LUNCH,.m4a,2024-06-23 00:17,1782
"Blueface, Blxst",Chose Me,.mp3,2024-06-23 00:17,1783
Don Toliver,No Idea,.m4a,2024-06-23 00:17,1784
"Drake, 21 Savage",Pussy & Millions (feat. Travis Scott),.m4a,2024-06-23 00:17,1785
Fujii Kaze (藤井風),調子のっちゃって,.mp3,2024-06-23 00:17,1786
Kendrick Lamar,N95,.m4a,2024-06-23 00:17,1787
Kendrick Lamar,Rich Spirit,.m4a,2024-06-23 00:17,1788
Kendrick Lamar,United In Grief,.m4a,2024-06-23 00:17,1789
"Kendrick Lamar, Blxst, Amanda Reifer",Die Hard,.m4a,2024-06-23 00:17,1790
"Kendrick Lamar, Tanna Leone",Mr. Morale,.m4a,2024-06-23 00:17,1791
"Masego, Don Toliver",Mystery Lady,.mp3,2024-06-23 00:17,1792
NewJeans,Bubble Gum,.m4a,2024-06-23 00:17,1793
NewJeans,How Sweet,.m4a,2024-06-23 00:17,1794
Nieah,Lucid Dream (Feat. 넉살),.mp3,2024-06-23 00:17,1795
Official髭男dism,Stand By You,.mp3,2024-06-23 00:17,1796
Shawn Mendes,Lost in Japan,.mp3,2024-06-23 00:17,1797
"THAMA, Jayci yucca",떠나 (Prod. PATEKO),.m4a,2024-06-23 00:17,1798
박재범,Taxi Blurr (Feat. NATTY),.mp3,2024-06-23 00:17,1799
NewJeans,Right Now,.mp3,2024-06-23 16:33,1800
NewJeans,Supernatural,.mp3,2024-06-23 16:33,1801
Tom Misch,Movie,.mp3,2024-06-23 17:08,1802
Tom Misch,It Runs Through Me (feat. De La Soul),.mp3,2024-06-28 20:44,1803
범키,갖고놀래 (Feat. 다이나믹 듀오),.mp3,2024-07-05 18:38,1804
aespa,Armageddon,.mp3,2024-07-08 20:03,1805
BABYMONSTER,LIKE THAT,.mp3,2024-07-08 20:03,1806
Jamiroquai,Cosmic Girl,.mp3,2024-07-08 20:03,1807
Metro Boomin,Space Cadet (feat. Gunna),.m4a,2024-07-08 20:03,1808
"midwxst, Denzel Curry",Tally,.m4a,2024-07-08 20:03,1809
XG,WOKE UP,.mp3,2024-07-08 20:03,1810
Fisherman,"꽃사슴 (Feat. Hoody, 원슈타인)",.mp3,2024-07-10 20:51,1811
Yeat,Monëy so big,.mp3,2024-07-12 19:20,1812
Crush,No Break (Feat. 다이나믹 듀오),.m4a,2024-07-12 19:38,1813
Yonezu Kenshi (米津玄師),Flamingo,.m4a,2024-07-12 19:59,1814
Official髭男dism,Universe,.mp3,2024-07-16 21:09,1815
"¥$, Kanye West, Ty Dolla $ign, Rich the Kid",CARNIVAL (feat. Playboi Carti),.mp3,2024-07-17 07:27,1816
Jamal,Keep It Real,.mp3,2024-07-22 21:04,1817
"Blxst, 2 Chainz",Paper Route,.mp3,2024-07-22 21:09,1818
"Blxst, Anderson .Paak",Dance With The Devil,.mp3,2024-07-22 21:11,1819
"Blxst, Joyce Wrice",Better Off Friends,.mp3,2024-07-22 21:18,1820
Travis Scott,FE!N (feat. Playboi Carti),.mp3,2024-07-31 21:00,1821
혁오,TOMBOY,.mp3,2024-07-31 21:07,1822
"Mustard, Travis Scott",Parking Lot,.mp3,2024-07-31 21:12,1823
SUMIN & Slom,"왜, 왜, 왜",.mp3,2024-08-10 10:39,1824
SUMIN & Slom,텅 빈 밤,.mp3,2024-08-10 10:39,1825
C JAMM,원래 난 이랬나,.mp3,2024-08-16 16:27,1826
Lil Tecca,TASTE,.mp3,2024-08-22 20:48,1827
"GroovyRoom, pH-1, HAON, TRADE L, Woodie Gochild, Big Naughty, Sik-K, 박재범, 릴보이",FASHO,.mp3,2024-08-22 20:54,1828
C JAMM,ㅈ,.mp3,2024-08-22 20:56,1829
SPYAIR,サクラミツツキ,.mp3,2024-08-22 21:05,1830
비스트,비가 오는 날엔,.mp3,2024-08-22 21:09,1831
Yonezu Kenshi (米津玄師),感電,.m4a,2024-08-22 21:16,1832
Rad Museum & Kid Milli,Foxy Plush (feat. Jimmy Paige),.mp3,2024-08-31 13:40,1833
SOLE,Situationship (feat. THAMA),.mp3,2024-08-31 13:40,1834
SOLE,그럼에도 LOVE,.mp3,2024-08-31 13:40,1835
SOLE,미련한 사랑,.mp3,2024-08-31 13:40,1836
Denzel Curry,HOT ONE ft. TiaCorine & A$AP Ferg,.mp3,2024-09-17 14:46,1837
SOLE,Need you (With 성시경),.mp3,2024-09-17 14:46,1838
"YUNGIN, sokodomo, Dok2, KOALA, ysy",Love Me No More (DYK Remix),.mp3,2024-09-17 14:53,1839
Lil Tecca,Dead or Alive,.mp3,2024-09-17 17:54,1840
SZA,Snooze,.mp3,2024-09-19 21:11,1841
A$AP Rocky,Tailor Swif,.mp3,2024-10-01 14:55,1842
Aimyon,君はロックを聴かない,.mp3,2024-10-01 14:55,1843
Fujii Kaze (藤井風),Feelin’ Go(o)d,.mp3,2024-10-01 14:55,1844
Lil Tecca,Down With Me,.mp3,2024-10-01 14:55,1845
Lil Tecca,REPEAT IT ft. Gunna,.mp3,2024-10-01 14:55,1846
QWER,내 이름 맑음,.mp3,2024-10-01 14:55,1847
SOLE,Love Supreme,.mp3,2024-10-01 14:55,1848
SOLE,아름다운 이별,.mp3,2024-10-01 14:55,1849
SZA,Open Arms (feat. Travis Scott),.mp3,2024-10-01 14:55,1850
THAMA,Do It For Love (Feat. 죠지),.mp3,2024-10-01 14:55,1851
Yonezu Kenshi (米津玄師),さよーならまたいつか！,.mp3,2024-10-01 14:55,1852
"YUNGIN, Jessi, CAMO, Lil Cherry",No Lowkey (DYK Remix),.mp3,2024-10-01 14:55,1853
Aimyon,ハルノヒ,.mp3,2024-10-11 15:46,1854
Aimyon,マリーゴールド,.mp3,2024-10-11 15:46,1855
Aimyon,愛を伝えたいだとか,.mp3,2024-10-11 15:46,1856
"Big Naughty, Kid Milli",Freestylin',.mp3,2024-10-11 15:46,1857
Drake,First Person Shooter (feat. J. Cole),.mp3,2024-10-11 15:46,1858
JID,Workin Out,.mp3,2024-10-11 15:46,1859
Lil Tecca,500lbs,.mp3,2024-10-11 15:46,1860
Lil Tecca,BAD TIME,.mp3,2024-10-11 15:46,1861
"Lil Tecca, Kodak Black",HVN ON EARTH,.mp3,2024-10-11 15:46,1862
SZA,Far,.mp3,2024-10-11 15:46,1863
Vaundy,mabataki,.mp3,2024-10-11 15:46,1864
Vaundy,東京フラッシュ,.mp3,2024-10-11 15:46,1865
Vaundy,踊り子,.mp3,2024-10-11 15:46,1866
Yonezu Kenshi (米津玄師),ゆめうつつ,.mp3,2024-10-11 15:46,1867
Yonezu Kenshi (米津玄師),死神,.mp3,2024-10-11 15:46,1868
박재범,Gimme A Minute (Feat. 청하),.mp3,2024-10-11 15:46,1869
빈지노,Train (feat. C JAMM),.m4a,2024-10-11 15:46,1870
제이통,갱신,.mp3,2024-10-11 15:46,1871
"Lady Gaga, Bruno Mars",Die With A Smile,.mp3,2024-10-30 20:13,1872
Lil Tecca,NUMBER 2,.mp3,2024-10-30 20:13,1873
Linkin Park,Heavy Is the Crown,.mp3,2024-10-30 20:13,1874
Sik-K,TRAP (feat. Jimmy Paige),.mp3,2024-10-30 20:13,1875
너드커넥션,좋은 밤 좋은 꿈,.mp3,2024-10-30 20:13,1876
Denzel Curry,STILL IN THE PAINT ft. LAZER DIM 700 & Bktherula,.mp3,2024-11-15 20:54,1877
Emotional Oranges,West Coast Love,.mp3,2024-11-15 20:54,1878
"Tyler, The Creator",Like Him (feat. Lola Young),.mp3,2024-11-15 20:54,1879
"Tyler, The Creator","Take Your Mask Off (feat. Daniel Caesar, LaToiya Williams)",.mp3,2024-11-15 20:54,1880
Charli XCX,360,.mp3,2024-11-17 15:30,1881
aespa,Whiplash,.mp3,2024-11-22 19:59,1882
Denzel Curry,GOT ME GEEKED,.mp3,2024-11-22 19:59,1883
"The Weeknd, Playboi Carti",Timeless,.mp3,2024-11-22 19:59,1884
호미들,K.I.A,.mp3,2024-11-22 19:59,1885
BIBI,데레,.mp3,2024-12-08 21:01,1886
DEAN,NASA (feat. FKJ),.mp3,2024-12-08 21:01,1887
Kendrick Lamar,squabble up,.mp3,2024-12-08 21:01,1888
Kendrick Lamar,tv off (feat. Lefty Gunplay),.mp3,2024-12-08 21:01,1889
"Kendrick Lamar, SZA",luther,.mp3,2024-12-08 21:01,1890
Kid Milli,25 (Feat. 양홍원),.mp3,2024-12-08 21:01,1891
Leina,うたたね,.mp3,2024-12-08 21:01,1892
Lil Tecca,NEVER LAST,.mp3,2024-12-08 21:01,1893
SZA,Supermodel,.mp3,2024-12-08 21:01,1894
"Tyler, The Creator","Darling, I (feat. Teezo Touchdown)",.mp3,2024-12-08 21:01,1895
"Tyler, The Creator",Noid,.mp3,2024-12-08 21:01,1896
Yonezu Kenshi (米津玄師),春雷,.mp3,2024-12-08 21:01,1897
A$AP Ferg,Demons (feat. Denzel Curry),.mp3,2024-12-22 18:56,1898
Fisherman,SNOW (Feat. Paul Blanco),.mp3,2024-12-22 18:56,1899
Frank Ocean,Pink + White,.m4a,2024-12-22 18:56,1900
Gunna,bread & butter,.m4a,2024-12-22 18:56,1901
Gunna,fukumean,.mp3,2024-12-22 18:56,1902
"JID, Kenny Mason",Dance Now,.m4a,2024-12-22 18:56,1903
Official髭男dism,I LOVE...,.mp3,2024-12-22 18:56,1904
Official髭男dism,White Noise,.mp3,2024-12-22 18:56,1905
"Shyboiitobii, JP, foggyatthebottom, 루피, Nosun, 제이통, KHAN, OSUN",LAST MOVE (Prod. JP),.mp3,2024-12-22 18:56,1906
SUMIN & Slom,째깍째깍,.mp3,2024-12-22 18:56,1907
"Tyler, The Creator",EARFQUAKE,.mp3,2024-12-22 18:56,1908
"루피, OSUN, JP",OTL (OFF THE LEASH),.mp3,2024-12-22 18:56,1909
B-Free,드라큘라 2020,.mp3,2025-01-18 20:18,1910
B-Free,퇴근시간 (FEAT. DUSTYY HAN),.mp3,2025-01-18 20:18,1911
Jclef,NO ONE SEES ME LIKE YOU,.mp3,2025-01-18 20:18,1912
jerd,영업 안 합니다 (feat. 짱유),.mp3,2025-01-18 20:18,1913
Kanye West,Off The Grid,.mp3,2025-01-18 20:18,1914
Lil Tecca,ALL THE TIME,.mp3,2025-01-18 20:18,1915
Playboi Carti,ILoveUIHateU,.mp3,2025-01-18 20:18,1916
Rad Museum,"Off-Line (feat. DEAN, 이하이)",.mp3,2025-01-18 20:18,1917
riria.,あんたなんて。,.mp3,2025-01-18 20:18,1918
ShyboiiTobii,ii FUKS (feat. Yung Blesh),.mp3,2025-01-18 20:18,1919
Stacey Ryan,Fall In Love Alone,.mp3,2025-01-18 20:18,1920
SZA,My Turn,.mp3,2025-01-18 20:18,1921
SZA,No More Hiding,.mp3,2025-01-18 20:18,1922
잔나비,가을 밤에 든 생각,.mp3,2025-01-18 20:18,1923
"KAYTRAMINÉ, Aminé, KAYTRANADA",4EVA (feat. Pharrell Williams),.mp3,2025-02-07 15:21,1924
"Offset, Gunna",Style Rare,.mp3,2025-02-07 15:21,1925
SZA,Kitchen,.mp3,2025-02-07 15:21,1926
The Weeknd,Call Out My Name,.mp3,2025-02-07 15:21,1927
The Weeknd,Die For You,.mp3,2025-02-07 15:21,1928
The Weeknd,The Hills,.mp3,2025-02-07 15:21,1929
Tyla Yaweh,City Of Dreams (feat. Chris Brown),.mp3,2025-02-07 15:21,1930
너드커넥션,그대만 있다면,.mp3,2025-02-07 15:21,1931
21 Savage,redrum,.mp3,2025-02-23 01:57,1932
DAY6,녹아내려요,.mp3,2025-02-23 01:57,1933
Fujii Kaze (藤井風),damn,.mp3,2025-02-23 01:57,1934
ILLIT,Magnetic,.mp3,2025-02-23 01:57,1935
KISS OF LIFE,Igloo,.mp3,2025-02-23 01:57,1936
Sik-K & Lil Moshpit,"PUBLIC ENEMY (Feat. 노윤하, Wuuslime)",.mp3,2025-02-23 01:57,1937
SUMIN,늦은 아침,.mp3,2025-02-23 01:57,1938
SZA,Saturn,.mp3,2025-02-23 01:57,1939
SZA,What Do I Do,.mp3,2025-02-23 01:57,1940
The Weeknd,Save Your Tears,.mp3,2025-02-23 01:57,1941
Tommy Richman,MILLION DOLLAR BABY,.mp3,2025-02-23 01:57,1942
DAY6,한 페이지가 될 수 있게,.mp3,2025-02-23 15:06,1943
Daniel Caesar,Always,.mp3,2025-02-26 02:37,1944
Daniel Caesar,Do You Like Me,.mp3,2025-02-26 02:37,1945
Doechii,What It Is (Solo Version),.mp3,2025-02-26 02:37,1946
Fujii Kaze (藤井風),ガーデン,.mp3,2025-02-26 02:37,1947
Fujii Kaze (藤井風),キリがないから,.mp3,2025-02-26 02:37,1948
"MELOH, VVON",4 Seasons,.mp3,2025-02-26 02:37,1949
SZA,BMF,.mp3,2025-02-26 02:37,1950
민지운,Sentimental Love,.mp3,2025-02-26 02:37,1951
박재범,Recall,.mp3,2025-02-26 02:37,1952
G-DRAGON,TOO BAD (feat. Anderson .Paak),.mp3,2025-03-01 19:05,1953
Fujii Kaze (藤井風),真っ白,.mp3,2025-03-07 21:52,1954
Lil Tecca,Dark Thoughts,.mp3,2025-03-18 10:21,1955
Playboi Carti,BACKD00R (feat. Kendrick Lamar & Jhené Aiko),.mp3,2025-03-20 17:35,1956
Playboi Carti,EVIL J0RDAN,.mp3,2025-03-20 17:35,1957
Playboi Carti,RADAR,.mp3,2025-03-20 17:35,1958
Playboi Carti & The Weeknd,RATHER LIE,.mp3,2025-03-20 17:35,1959
Playboi Carti,MOJO JOJO (feat. Kendrick Lamar),.mp3,2025-03-20 18:23,1960
Sabrina Carpenter,Please Please Please,.mp3,2025-03-21 15:19,1961
SZA,Diamond Boy (DTM),.mp3,2025-03-21 23:20,1962
"Asake, Travis Scott",Active,.mp3,2025-04-18 22:45,1963
Bruno Mars,Versace on the Floor,.mp3,2025-04-18 22:45,1964
Denzel Curry,X-Wing,.mp3,2025-04-18 22:45,1965
Doechii,NISSAN ALTIMA,.mp3,2025-04-18 22:45,1966
Fujii Kaze (藤井風),“青春病”,.mp3,2025-04-18 22:45,1967
Fujii Kaze (藤井風),満ちて行く,.mp3,2025-04-18 22:45,1968
"Future & Metro Boomin, Kendrick Lamar",Like That,.mp3,2025-04-18 22:45,1969
INJAE,왜 하필 (Feat. shinjihang),.mp3,2025-04-18 22:45,1970
JENNIE,ExtraL (feat. Doechii),.mp3,2025-04-18 22:45,1971
JENNIE,with the IE (way up),.mp3,2025-04-18 22:45,1972
Lil Uzi Vert,Just Wanna Rock,.mp3,2025-04-18 22:45,1973
Masego,Tadow (feat. FKJ),.mp3,2025-04-18 22:45,1974
Molly Yam,WET,.mp3,2025-04-18 22:45,1975
Paul Blanco,EASY,.mp3,2025-04-18 22:45,1976
Playboi Carti,Magnolia,.mp3,2025-04-18 22:45,1977
Rad Museum,AirDrop (feat. 원슈타인),.mp3,2025-04-18 22:45,1978
The Weeknd,"Here We Go… Again (feat. Tyler, The Creator)",.mp3,2025-04-18 22:45,1979
The Weeknd,I Can't Wait To Get There,.mp3,2025-04-18 22:45,1980
염따,마이클 잭슨,.mp3,2025-04-18 22:45,1981
원슈타인,파자마,.mp3,2025-04-18 22:45,1982
Denzel Curry,Sanjuro (feat. 454),.mp3,2025-05-12 00:08,1983
Drake,What Would Pluto Do,.mp3,2025-05-12 00:08,1984
"Future & Metro Boomin, Travis Scott, Playboi Carti",Type Shit,.mp3,2025-05-12 00:08,1985
Jon Batiste,BOY HOOD (feat. PJ Morton & Trombone Shorty),.mp3,2025-05-12 00:08,1986
Michael Jackson,Billie Jean,.mp3,2025-05-12 00:08,1987
Michael Jackson,Thriller,.mp3,2025-05-12 00:08,1988
NMIXX,High Horse,.mp3,2025-05-12 00:08,1989
Playboi Carti,HBA,.mp3,2025-05-12 00:08,1990
Playboi Carti,Rockstar Made,.mp3,2025-05-12 00:08,1991
shinjihang,BREATHE (Feat. Fisherman),.mp3,2025-05-12 00:08,1992
shinjihang,골짜기,.mp3,2025-05-12 00:08,1993
shinjihang,전단지,.mp3,2025-05-12 00:08,1994
노윤하,GooGoo GaGa (Feat. Wuuslime),.mp3,2025-05-12 00:08,1995
민지운,If You Were The Rain (feat. Crush),.mp3,2025-05-12 00:08,1996
민지운,Someone,.mp3,2025-05-12 00:08,1997
Doja Cat,Woman,.mp3,2025-05-19 19:39,1998
JPEGMAFIA,REBOUND! (FT. DATPIFFMAFIA),.mp3,2025-05-19 19:39,1999
Kanye West,PABLO,.mp3,2025-05-19 19:39,2000
Playboi Carti,BACKR00MS (feat. Travis Scott),.mp3,2025-05-19 19:39,2001
Travis Scott,4X4,.mp3,2025-05-19 19:39,2002
XG,IYKYK,.mp3,2025-05-27 09:12,2003
ecosystem,Dilemma,.mp3,2025-05-30 08:52,2004
Kanye West,HAPPY,.mp3,2025-06-03 18:55,2005
DON MALIK,Good night night (feat. pH-1),.mp3,2025-06-09 18:32,2006
Playboi Carti,Vamp Anthem,.mp3,2025-06-09 18:32,2007
"Playboi Carti, Kendrick Lamar",GOOD CREDIT,.mp3,2025-06-09 18:32,2008
Rad Museum & Kid Milli,Need U,.mp3,2025-06-09 18:32,2009
BIBI,책방오빠 문학소녀,.mp3,2025-06-25 01:27,2010
Fujii Kaze (藤井風),もうええわ,.mp3,2025-06-25 01:27,2011
Kendrick Lamar,hey now (feat. Dody6),.mp3,2025-06-25 01:27,2012
Latto,Blick Sum (feat. Playboi Carti),.mp3,2025-06-25 01:27,2013
Nosun,Psalm (Feat. Loopy),.mp3,2025-06-25 01:27,2014
QWER,눈물참기,.mp3,2025-06-25 01:27,2015
SZA,Love Me 4 Me,.mp3,2025-06-25 01:27,2016
"SZA, Kendrick Lamar",30 For 30,.mp3,2025-06-25 01:27,2017
TRADE L,"Togo Sofa (Feat. Kid Milli, toni rei)",.mp3,2025-06-25 01:27,2018
Harry Styles,Late Night Talking,.mp3,2025-08-25 16:49,2019
KISS OF LIFE,Heart of Gold,.mp3,2025-08-25 16:49,2020
KISS OF LIFE,Lips Hips Kiss,.mp3,2025-08-25 16:49,2021
Lil Tecca,On Your Own,.mp3,2025-08-25 16:49,2022
Lil Tecca,The Truth,.mp3,2025-08-25 16:49,2023
"Playboi Carti, Lil Uzi Vert",JUMPIN,.mp3,2025-08-25 16:49,2024
"Playboi Carti, Skepta",TOXIC,.mp3,2025-08-25 16:49,2025
toni rei,19 (Feat. ShyboiiTobii),.mp3,2025-08-25 16:49,2026
"Travis Scott, Playboi Carti, Future",WHERE WAS YOU,.mp3,2025-08-25 16:49,2027
BLACKPINK,JUMP,.mp3,2025-09-28 16:25,2028
Crush,UP ALL NITE (feat. SUMIN),.mp3,2025-09-28 16:25,2029
Crush,티격태격 (Feat. DPR LIVE),.mp3,2025-09-28 16:25,2030
Drake,NOKIA,.mp3,2025-09-28 16:25,2031
"HUNTR_X, EJAE, AUDREY NUNA, REI AMI, KPop Demon Hunters Cast",Golden,.mp3,2025-09-28 16:25,2032
pH-1,BAKA (Feat. CHANMINA),.mp3,2025-09-28 16:25,2033
pH-1,PARTY PPL (Feat. 민지운),.mp3,2025-09-28 16:25,2034
Radiohead,No Surprises,.mp3,2025-09-28 16:25,2035
"The Weeknd, Madonna, Playboi Carti",Popular,.mp3,2025-09-28 16:25,2036
Vaundy,そんなbitterな話,.mp3,2025-09-28 16:25,2037
Vaundy,怪獣の花唄,.mp3,2025-09-28 16:25,2038
WOODZ,Drowning,.mp3,2025-09-28 16:25,2039
백예린,Square (2017),.mp3,2025-09-28 16:25,2040
Ariana Grande,the boy is mine,.mp3,2025-10-15 20:06,2041
CORTIS,GO!,.mp3,2025-10-15 20:06,2042
Fujii Kaze (藤井風),Casket Girl,.mp3,2025-10-15 20:06,2043
Fujii Kaze (藤井風),Prema,.mp3,2025-10-15 20:06,2044
Crush,FREQUENCY (Feat. Loco),.mp3,2025-10-31 10:52,2045
Fujii Kaze (藤井風),Hachikō,.mp3,2025-10-31 10:52,2046
Fujii Kaze (藤井風),I Need U Back,.mp3,2025-10-31 10:52,2047
Fujii Kaze (藤井風),It Ain't Over,.mp3,2025-10-31 10:52,2048
Fujii Kaze (藤井風),"Okay, Goodbye",.mp3,2025-10-31 10:52,2049
JVKE,golden hour,.mp3,2025-10-31 10:52,2050
"Offset, JID",Bodies,.mp3,2025-10-31 10:52,2051
CAMO,Ring Ring,.mp3,2025-11-11 23:34,2052
Fujii Kaze (藤井風),grace,.mp3,2025-11-11 23:34,2053
JVKE,lavender (feat. Pink Sweat$),.mp3,2025-11-11 23:34,2054
JVKE,this is what falling in love feels like,.mp3,2025-11-11 23:34,2055
JVKE,this is what space feels like,.mp3,2025-11-11 23:34,2056
원슈타인,Valentine (Feat. 민지운),.mp3,2025-11-11 23:34,2057
Don Toliver,FWU,.mp3,2025-12-23 14:25,2058
JayDon,I'll Be Good,.mp3,2025-12-23 14:25,2059
"JayDon, Paradise",Lullaby,.mp3,2025-12-23 14:25,2060
JVKE,catch me,.mp3,2025-12-23 14:25,2061
JVKE,this is what losing someone feels like,.mp3,2025-12-23 14:25,2062
Kendrick Lamar,heart pt. 6,.mp3,2025-12-23 14:25,2063
KISS OF LIFE,Lucky,.mp3,2025-12-23 14:25,2064
Official髭男dism,Pending Machine,.mp3,2025-12-23 14:25,2065
Official髭男dism,最後の恋煩い,.mp3,2025-12-23 14:25,2066
Rad Museum & Kid Milli,Talk Too Much (feat. 그냥노창),.mp3,2025-12-23 14:25,2067
RADWIMPS,スパークル (original ver.),.mp3,2025-12-23 14:25,2068
"지코, Lilas",DUET,.mp3,2025-12-23 14:25,2069
카더가든,가까운 듯 먼 그대여,.mp3,2025-12-23 14:25,2070
